pos_variance,mean_jump,frac_ascending,arrival_cv,centre_dist,seek_FCFS,seek_SCAN,seek_C-SCAN,seek_SSTF,best,workload
1820.5927734375,8.96774193548387,0.967741935483871,0.8664993832243016,19.03125,350,260,395,264,SCAN,sequential
3306.8349609375,8.419354838709678,0.9354838709677419,0.8195269528843101,9.90625,344,281,397,265,SSTF,sequential
394.1875,2.129032258064516,1.0,0.8523310967791927,38.25,70,99,70,70,FCFS,sequential
1708.7177734375,6.67741935483871,0.9354838709677419,0.8786109017927386,11.03125,240,271,397,195,SSTF,sequential
359.3427734375,2.0,1.0,1.07768263838419,42.96875,74,99,74,74,FCFS,sequential
334.1865234375,2.0,1.0,0.9200696160056479,46.46875,77,99,77,77,FCFS,sequential
585.4443359375,4.096774193548387,0.967741935483871,0.8184399341643249,56.84375,205,99,95,95,C-SCAN,sequential
327.859375,1.967741935483871,1.0,0.9974012013713361,8.625,82,219,396,84,FCFS,sequential
374.484375,2.129032258064516,1.0,0.7927271852399248,64.125,163,97,367,97,SCAN,sequential
894.9375,4.935483870967742,0.967741935483871,1.211075630846673,32.0,171,272,396,106,SSTF,sequential
829.8125,11.483870967741936,0.967741935483871,0.8289459037974717,23.75,422,264,397,212,SSTF,sequential
110.1630859375,3.129032258064516,0.967741935483871,0.8512273021693387,11.65625,99,207,397,47,SSTF,sequential
293.4052734375,2.4838709677419355,0.967741935483871,1.140458094289841,46.03125,157,80,381,80,SCAN,sequential
5560.1240234375,12.193548387096774,0.9032258064516129,0.8944593912120495,24.53125,465,298,336,294,SSTF,sequential
1293.46484375,12.387096774193548,0.9354838709677419,0.7942172717750584,65.8125,443,297,299,297,SCAN,sequential
484.1396484375,8.548387096774194,0.9354838709677419,1.028066016385099,39.28125,265,266,375,102,SSTF,sequential
2756.58984375,13.580645161290322,0.9032258064516129,1.0819268956985468,16.8125,447,288,357,212,SSTF,sequential
1792.0224609375,5.645161290322581,0.967741935483871,1.1317368306793603,3.90625,183,266,353,160,SSTF,sequential
1137.7412109375,12.903225806451612,0.9354838709677419,1.1596877194116622,57.40625,492,298,298,294,SSTF,sequential
4450.46484375,7.064516129032258,0.9354838709677419,0.9993247344241712,7.1875,257,295,397,235,SSTF,sequential
3602.171875,11.806451612903226,0.9354838709677419,1.2896841489089659,30.375,377,296,393,303,SCAN,sequential
2565.3271484375,10.67741935483871,0.9354838709677419,1.1583912348321095,28.71875,400,279,397,301,SCAN,sequential
283.0625,2.774193548387097,0.967741935483871,1.5037818363956243,8.25,122,234,396,94,SSTF,sequential
1165.68359375,5.161290322580645,0.9354838709677419,1.035685260630835,9.9375,175,276,396,132,SSTF,sequential
6856.27734375,9.903225806451612,0.967741935483871,1.0035130790243965,5.1875,321,297,325,295,SSTF,sequential
3087.4208984375,9.838709677419354,0.967741935483871,0.9876747272060524,14.21875,404,297,308,267,SSTF,sequential
1871.5927734375,12.0,0.967741935483871,1.0668642503991044,43.96875,395,297,397,309,SCAN,sequential
499.046875,2.225806451612903,1.0,0.9442376566454962,50.375,154,85,382,85,SCAN,sequential
1193.43359375,3.967741935483871,0.967741935483871,0.808472115937837,33.9375,143,205,397,101,SSTF,sequential
2427.125,12.516129032258064,0.9354838709677419,0.9383229204724736,18.75,472,265,396,226,SSTF,sequential
2793.8349609375,6.451612903225806,0.9354838709677419,1.0711967097880088,15.90625,258,268,368,222,SSTF,sequential
2254.546875,7.290322580645161,0.9354838709677419,0.9078640592688163,2.125,246,262,382,186,SSTF,sequential
519.02734375,5.032258064516129,0.967741935483871,0.7929681139622347,32.3125,210,252,378,92,SSTF,sequential
818.3349609375,3.806451612903226,0.967741935483871,0.9130457322544755,65.90625,137,99,97,97,C-SCAN,sequential
344.109375,2.032258064516129,1.0,0.9892854879444274,58.875,153,90,371,90,SCAN,sequential
165.83984375,3.3225806451612905,0.967741935483871,0.7975630684283682,2.8125,109,225,397,75,SSTF,sequential
3429.296875,5.935483870967742,1.0,1.0116922956494565,35.875,269,283,362,269,FCFS,sequential
399.8349609375,4.0,0.967741935483871,0.9160760234820654,46.90625,161,99,79,79,C-SCAN,sequential
6121.5,8.903225806451612,0.967741935483871,0.7419201326346667,3.0,348,298,348,299,SCAN,sequential
663.7490234375,5.612903225806452,0.9354838709677419,0.8593612222148549,15.53125,176,254,396,134,SSTF,sequential
616.5,8.0,0.967741935483871,1.2566166247198753,32.5,285,235,374,129,SSTF,sequential
5295.9990234375,21.06451612903226,0.9354838709677419,1.1867445034821527,24.53125,747,298,381,328,SCAN,sequential
7451.2880859375,32.03225806451613,0.9032258064516129,1.1492544349772285,32.34375,1088,298,344,299,SCAN,sequential
6015.3125,20.096774193548388,0.9354838709677419,0.7550956394622597,11.25,701,297,324,297,SCAN,sequential
3722.6552734375,16.096774193548388,0.9354838709677419,0.8930569839672812,8.03125,531,286,382,273,SSTF,sequential
5266.2958984375,15.96774193548387,0.967741935483871,1.0019761881037303,10.21875,551,298,342,294,SSTF,sequential
1558.8349609375,3.4193548387096775,1.0,0.8218982396435867,22.09375,135,227,396,143,FCFS,sequential
5811.2490234375,12.419354838709678,0.9354838709677419,1.0860296352121066,19.46875,474,296,340,296,SCAN,sequential
395.6005859375,5.354838709677419,0.9354838709677419,0.9250786062922018,2.34375,206,224,397,97,SSTF,sequential
1969.5458984375,7.967741935483871,0.967741935483871,0.65995774438957,27.78125,257,217,397,136,SSTF,sequential
560.93359375,5.161290322580645,0.9354838709677419,0.9211699810985975,37.4375,223,262,383,197,SSTF,sequential
401.7490234375,2.032258064516129,1.0,1.0570980167748154,57.53125,88,99,88,88,FCFS,sequential
1998.8974609375,8.225806451612904,0.967741935483871,0.884076269570814,63.09375,300,298,300,298,SCAN,sequential
2527.74609375,6.612903225806452,0.967741935483871,1.2234374314256877,23.5625,224,289,350,181,SSTF,sequential
956.3505859375,7.483870967741935,0.967741935483871,0.9015617656310613,40.65625,261,227,373,189,SSTF,sequential
1399.6162109375,11.903225806451612,0.967741935483871,1.204978051251189,54.59375,413,296,374,295,SSTF,sequential
2094.109375,3.806451612903226,1.0,0.9348061349084805,20.375,160,240,384,160,FCFS,sequential
379.33984375,2.161290322580645,1.0,0.854843597072185,6.3125,94,225,397,94,FCFS,sequential
2994.046875,11.67741935483871,0.967741935483871,0.9748773245090638,7.375,384,271,387,230,SSTF,sequential
1159.18359375,5.806451612903226,0.967741935483871,0.937543704222933,43.4375,265,283,397,127,SSTF,sequential
478.484375,2.225806451612903,1.0,1.1006714451463269,44.125,149,80,387,80,SCAN,sequential
337.7412109375,3.903225806451613,0.967741935483871,0.9624651730015165,24.40625,165,248,396,66,SSTF,sequential
5449.2333984375,12.387096774193548,0.9354838709677419,0.8337535284395237,20.21875,456,298,344,297,SSTF,sequential
318.6474609375,3.096774193548387,0.967741935483871,0.7602945653299158,66.90625,131,99,98,98,C-SCAN,sequential
3070.1005859375,11.64516129032258,0.967741935483871,1.1016456148473381,29.34375,379,298,396,332,SCAN,sequential
340.49609375,1.935483870967742,1.0,0.7943901185527513,11.5625,102,240,397,80,SSTF,sequential
604.8505859375,5.580645161290323,0.967741935483871,0.8124496799683202,22.65625,194,224,381,100,SSTF,sequential
525.2255859375,2.4193548387096775,1.0,0.9889719429410319,19.34375,95,218,394,95,FCFS,sequential
1946.3271484375,14.709677419354838,0.9354838709677419,0.8309858655570223,15.71875,506,298,383,298,SCAN,sequential
1178.6396484375,11.387096774193548,0.967741935483871,0.7931128076075262,10.28125,428,286,396,274,SSTF,sequential
349.4912109375,2.032258064516129,1.0,0.9400049509622612,33.40625,65,99,65,65,FCFS,sequential
946.5,5.451612903225806,0.9354838709677419,1.037355858863982,37.5,249,99,96,96,C-SCAN,sequential
1111.2646484375,6.806451612903226,0.9354838709677419,1.185495494500488,48.28125,236,296,397,198,SSTF,sequential
6986.4912109375,10.193548387096774,0.967741935483871,0.9824924882124543,8.59375,327,297,331,295,SSTF,sequential
4097.80859375,10.096774193548388,0.967741935483871,0.7245300500900136,10.4375,397,297,397,345,SCAN,sequential
344.58984375,2.064516129032258,1.0,0.9936513452381315,67.3125,163,99,363,99,SCAN,sequential
1009.0302734375,7.129032258064516,0.9354838709677419,1.0720313424823675,15.03125,293,248,393,176,SSTF,sequential
1245.4677734375,11.774193548387096,0.9032258064516129,1.346565883296528,44.96875,403,218,385,127,SSTF,sequential
2195.421875,9.161290322580646,0.9354838709677419,0.9184782558138063,9.625,303,276,396,227,SSTF,sequential
2090.43359375,4.903225806451613,1.0,0.9416324521929581,26.4375,224,270,378,224,FCFS,sequential
156.5146484375,2.4193548387096775,0.967741935483871,0.8152798244313935,64.28125,118,99,90,90,C-SCAN,sequential
262.3037109375,3.774193548387097,0.967741935483871,1.1845766117098948,37.40625,157,64,390,64,SCAN,sequential
1003.484375,8.193548387096774,0.9032258064516129,1.0444669683745704,55.125,291,223,377,199,SSTF,sequential
1396.8125,4.0,1.0,1.0746805018726926,6.75,162,236,396,226,FCFS,sequential
4894.3125,8.451612903225806,0.967741935483871,0.9803855347420293,35.5,309,298,309,298,SCAN,sequential
371.8505859375,2.838709677419355,0.967741935483871,0.9256815481638495,26.65625,163,273,397,151,SSTF,sequential
1355.8037109375,9.774193548387096,0.967741935483871,0.7888136666483418,38.59375,323,244,356,222,SSTF,sequential
1109.80859375,4.806451612903226,1.0,0.9926977116687643,54.4375,241,290,364,241,FCFS,sequential
2295.6318359375,8.935483870967742,0.9354838709677419,0.966375990907267,12.84375,362,267,367,224,SSTF,sequential
6183.4677734375,12.64516129032258,0.9354838709677419,0.8508845610786129,0.96875,489,298,315,294,SSTF,sequential
329.9755859375,1.967741935483871,1.0,1.2622138592282892,17.34375,73,210,395,110,FCFS,sequential
4389.40234375,8.516129032258064,0.9354838709677419,0.9233864724115843,39.8125,353,298,353,299,SCAN,sequential
609.24609375,8.03225806451613,0.967741935483871,0.9679226817521868,29.9375,252,266,330,188,SSTF,sequential
3577.2802734375,19.387096774193548,0.9354838709677419,0.9124872631792104,58.03125,695,298,343,298,SCAN,sequential
245.8193359375,1.8064516129032258,1.0,0.8687303079965378,19.84375,64,206,396,66,FCFS,sequential
4283.8974609375,7.32258064516129,0.9354838709677419,0.9429169655607486,32.90625,287,269,341,232,SSTF,sequential
797.984375,5.129032258064516,0.9354838709677419,0.9914696336719511,63.875,174,100,391,100,SCAN,sequential
3215.9287109375,8.35483870967742,0.967741935483871,0.822312238691085,49.59375,305,297,307,297,SCAN,sequential
1455.234375,6.548387096774194,0.9354838709677419,1.1961240174378012,17.375,225,267,335,187,SSTF,sequential
3218.27734375,7.193548387096774,0.9354838709677419,0.9308992674114197,15.8125,284,262,358,240,SSTF,sequential
6789.5849609375,16.35483870967742,0.967741935483871,0.9057992275974794,13.90625,521,297,384,297,SCAN,sequential
1482.171875,6.935483870967742,0.9354838709677419,0.8627274296099212,34.125,269,245,363,199,SSTF,sequential
2603.12109375,5.516129032258065,1.0,1.0249650310571534,22.9375,267,294,384,267,FCFS,sequential
5693.90234375,15.580645161290322,0.967741935483871,0.7681213269404206,34.3125,490,296,394,310,SCAN,sequential
2605.7412109375,8.838709677419354,0.9354838709677419,0.910974034956022,19.40625,283,258,395,212,SSTF,sequential
2834.171875,10.161290322580646,0.967741935483871,0.8959349528394501,21.375,339,288,319,236,SSTF,sequential
3225.8896484375,10.096774193548388,0.9354838709677419,1.1945501315006206,19.28125,380,274,350,218,SSTF,sequential
5500.9208984375,7.935483870967742,0.967741935483871,0.9024813377457979,10.78125,282,295,362,273,SSTF,sequential
359.7490234375,4.0,0.967741935483871,0.8914385081886516,29.46875,177,203,395,127,SSTF,sequential
3346.8125,13.806451612903226,0.967741935483871,0.9235995987215118,52.0,508,297,350,297,SCAN,sequential
2254.3583984375,8.03225806451613,0.9032258064516129,0.8183492924886077,7.21875,307,289,389,257,SSTF,sequential
3271.65234375,5.387096774193548,1.0,0.9918098177089616,26.8125,243,274,386,243,FCFS,sequential
3938.921875,8.225806451612904,0.9032258064516129,1.348413991923409,12.375,316,285,396,263,SSTF,sequential
634.1865234375,6.580645161290323,0.967741935483871,0.9316418392180976,10.46875,282,276,397,202,SSTF,sequential
504.30859375,4.483870967741935,0.967741935483871,0.8840644862145732,50.9375,218,99,83,83,C-SCAN,sequential
353.24609375,3.806451612903226,0.9354838709677419,0.8399786634647288,29.5625,157,261,397,63,SSTF,sequential
4117.2568359375,8.580645161290322,0.967741935483871,0.7425866188115678,38.84375,309,296,313,296,SCAN,sequential
124.4990234375,2.4838709677419355,0.967741935483871,1.1774845161560326,35.53125,97,99,59,59,C-SCAN,sequential
4263.05859375,19.161290322580644,0.9354838709677419,0.9661083914832788,50.4375,659,298,343,298,SCAN,sequential
1981.8974609375,7.419354838709677,0.967741935483871,0.8047371686405348,16.09375,299,267,372,179,SSTF,sequential
2438.3583984375,11.935483870967742,0.967741935483871,1.0613283646176908,53.21875,444,297,324,295,SSTF,sequential
278.65234375,1.935483870967742,1.0,0.9765748001105906,14.3125,106,244,397,106,FCFS,sequential
1232.171875,5.419354838709677,0.967741935483871,1.0615357323418297,59.875,172,298,348,122,SSTF,sequential
1106.30859375,16.193548387096776,0.9032258064516129,0.8138817767147729,70.9375,569,298,345,298,SCAN,sequential
323.234375,2.032258064516129,0.967741935483871,0.8283461452607902,61.125,95,99,93,93,C-SCAN,sequential
3734.3740234375,15.548387096774194,0.9354838709677419,0.9414232227289951,36.46875,582,298,382,368,SCAN,sequential
1281.5615234375,7.193548387096774,0.967741935483871,1.334490462054909,8.53125,224,261,362,131,SSTF,sequential
1270.4052734375,10.225806451612904,0.9032258064516129,1.0172265273195011,8.96875,350,260,384,178,SSTF,sequential
269.71484375,2.129032258064516,0.967741935483871,1.0208131889585998,67.3125,157,95,357,95,SCAN,sequential
555.7021484375,4.645161290322581,0.967741935483871,0.9106739245753104,17.71875,147,229,397,141,SSTF,sequential
198.484375,2.161290322580645,0.967741935483871,0.9225333460770055,39.125,128,61,386,61,SCAN,sequential
1295.9375,3.225806451612903,1.0,1.0321275169890136,1.5,147,245,380,153,FCFS,sequential
3346.7412109375,10.129032258064516,0.967741935483871,0.913605281595127,2.40625,398,298,397,358,SCAN,sequential
663.4287109375,5.419354838709677,0.9354838709677419,1.1244506700324928,9.59375,195,220,393,89,SSTF,sequential
1174.65234375,8.419354838709678,0.9354838709677419,0.8236168102504844,20.8125,293,254,391,211,SSTF,sequential
6233.9208984375,9.419354838709678,0.9354838709677419,1.0367391183074828,20.78125,335,298,331,296,SSTF,sequential
4814.2802734375,18.096774193548388,0.9032258064516129,0.8278041838129512,14.03125,629,296,380,311,SCAN,sequential
2437.9755859375,10.193548387096774,0.9354838709677419,0.901138092664922,2.34375,396,260,361,244,SSTF,sequential
4734.58984375,16.483870967741936,0.9354838709677419,0.9252391459038338,40.3125,582,297,374,297,SCAN,sequential
1447.5615234375,9.419354838709678,0.967741935483871,0.7766330247634877,9.46875,366,272,397,234,SSTF,sequential
2593.58984375,11.935483870967742,0.9354838709677419,0.8719504553073198,29.3125,435,269,381,227,SSTF,sequential
1417.6552734375,17.387096774193548,0.9032258064516129,1.2256080418187962,42.03125,590,296,397,317,SCAN,sequential
1136.05859375,5.870967741935484,0.967741935483871,0.807280915214568,57.4375,218,290,354,170,SSTF,sequential
243.02734375,3.3225806451612905,0.967741935483871,0.780580652243205,10.6875,115,217,395,89,SSTF,sequential
262.7568359375,1.7096774193548387,1.0,1.1827735815619747,2.15625,76,221,395,83,FCFS,sequential
6524.7958984375,12.548387096774194,0.967741935483871,1.0282924035648378,22.21875,467,297,321,295,SSTF,sequential
327.24609375,1.903225806451613,1.0,0.8751389371626398,11.5625,101,240,397,101,FCFS,sequential
372.05859375,2.096774193548387,1.0,1.1006564655173297,63.9375,160,95,368,95,SCAN,sequential
1683.4912109375,5.193548387096774,0.967741935483871,0.8481418041885536,27.59375,218,221,397,130,SSTF,sequential
548.796875,5.064516129032258,0.9354838709677419,0.9269590576941098,23.375,172,255,388,138,SSTF,sequential
5826.046875,31.967741935483872,0.9032258064516129,1.0032613826544192,48.125,1088,298,331,299,SCAN,sequential
759.9375,4.67741935483871,0.9354838709677419,1.1334408080304286,7.25,168,242,392,130,SSTF,sequential
492.05859375,2.4838709677419355,1.0,0.821365192840215,58.5625,96,99,96,96,FCFS,sequential
1579.421875,12.96774193548387,0.9354838709677419,0.8870831282833157,42.625,459,297,366,296,SSTF,sequential
3642.02734375,11.32258064516129,0.967741935483871,0.7596409279688616,0.6875,405,298,381,297,SSTF,sequential
635.2490234375,2.5483870967741935,1.0,1.0555077654297462,17.46875,141,260,396,143,FCFS,sequential
266.6787109375,1.8064516129032258,1.0,0.8178815016213156,8.59375,75,217,397,75,FCFS,sequential
2767.68359375,11.387096774193548,0.967741935483871,1.1974522063865027,5.5625,408,298,397,327,SCAN,sequential
4249.05859375,18.29032258064516,0.9032258064516129,0.9257155792867076,0.0625,660,291,392,267,SSTF,sequential
4441.3349609375,10.548387096774194,0.9354838709677419,0.7911851816375699,30.90625,340,298,396,299,SCAN,sequential
857.7646484375,3.7096774193548385,1.0,0.9721311910267071,31.28125,179,262,383,179,FCFS,sequential
257.9130859375,4.741935483870968,0.9354838709677419,0.9498670839482117,38.34375,209,99,63,63,C-SCAN,sequential
4978.484375,5.967741935483871,1.0,0.6330368168247865,26.875,275,288,320,280,FCFS,sequential
3011.046875,11.387096774193548,0.9354838709677419,1.1703372930188964,33.125,388,285,397,259,SSTF,sequential
1993.55859375,5.354838709677419,1.0,0.8222270405206641,27.9375,261,293,306,237,SSTF,sequential
374.8740234375,2.096774193548387,1.0,1.081414369779051,26.46875,126,259,397,71,SSTF,sequential
274.3125,1.935483870967742,1.0,0.8554207834211698,18.75,73,211,395,73,FCFS,sequential
280.2802734375,1.8387096774193548,1.0,0.6977668179283193,31.96875,59,99,59,59,FCFS,sequential
274.921875,4.258064516129032,0.9354838709677419,0.8156494673246054,59.375,195,99,84,84,C-SCAN,sequential
348.671875,1.967741935483871,1.0,0.946133979083571,21.125,112,249,395,112,FCFS,sequential
569.30859375,3.935483870967742,1.0,0.8193887296516762,18.0625,192,268,395,174,SSTF,sequential
1779.6318359375,7.741935483870968,0.9354838709677419,0.9276292651578114,61.84375,305,289,339,251,SSTF,sequential
1731.9990234375,4.032258064516129,1.0,0.8170193661977969,0.46875,171,244,396,181,FCFS,sequential
6116.125,20.096774193548388,0.9032258064516129,0.6825809744924208,11.25,699,297,339,295,SSTF,sequential
414.4833984375,4.580645161290323,0.9032258064516129,0.8604341097515873,37.78125,199,99,67,67,C-SCAN,sequential
4235.3427734375,13.516129032258064,0.9354838709677419,1.0370712237437107,11.03125,500,297,397,334,SCAN,sequential
4467.0224609375,8.483870967741936,0.9354838709677419,0.9690217415404531,42.09375,352,298,352,299,SCAN,sequential
1838.8125,5.806451612903226,0.967741935483871,0.9300350418924322,26.25,231,274,352,214,SSTF,sequential
442.625,2.193548387096774,1.0,1.0395695397423972,52.5,86,99,86,86,FCFS,sequential
1405.1875,3.3225806451612905,1.0,0.9001737457715604,22.25,128,223,397,128,FCFS,sequential
1388.2568359375,5.870967741935484,0.967741935483871,1.1737301136631069,16.15625,274,224,395,202,SSTF,sequential
523.96484375,4.870967741935484,0.967741935483871,0.682975642499537,2.6875,189,236,396,112,SSTF,sequential
6485.49609375,8.516129032258064,0.967741935483871,0.7687959305247636,17.9375,336,297,338,297,SCAN,sequential
234.3115234375,5.612903225806452,0.967741935483871,0.7910375352320342,49.53125,199,99,70,70,C-SCAN,sequential
638.5068359375,5.193548387096774,0.967741935483871,0.8544122787681212,58.15625,185,95,383,95,SCAN,sequential
6625.1630859375,17.29032258064516,0.9354838709677419,1.1207878102218487,10.34375,610,297,330,297,SCAN,sequential
1227.05859375,12.451612903225806,0.967741935483871,0.8734895285517621,57.9375,475,298,298,296,SSTF,sequential
3976.3037109375,5.387096774193548,1.0,1.0247908861382848,5.40625,262,293,321,239,SSTF,sequential
380.5849609375,2.032258064516129,1.0,0.9392775633940917,32.90625,128,65,396,65,SCAN,sequential
209.0693359375,2.774193548387097,0.967741935483871,0.997014295434533,64.84375,178,92,359,92,SCAN,sequential
1838.1162109375,4.935483870967742,0.967741935483871,0.889929477971777,43.59375,197,242,397,218,FCFS,sequential
1981.109375,15.258064516129032,0.9354838709677419,1.0375862101029651,65.125,552,298,299,294,SSTF,sequential
428.8583984375,2.5161290322580645,1.0,0.7792957193569355,8.21875,119,239,397,119,FCFS,sequential
1631.5849609375,8.419354838709678,0.967741935483871,0.9076817452341708,11.09375,290,278,397,256,SSTF,sequential
295.30859375,1.7741935483870968,1.0,0.913613216086843,41.5625,68,99,68,68,FCFS,sequential
883.2646484375,5.806451612903226,0.9354838709677419,1.322849942753502,57.71875,201,94,395,94,SCAN,sequential
2684.55859375,5.870967741935484,0.967741935483871,1.0306809066228375,8.5625,241,277,353,189,SSTF,sequential
5749.0625,9.548387096774194,0.967741935483871,1.1506695887544116,26.25,342,297,344,297,SCAN,sequential
289.2099609375,3.774193548387097,0.967741935483871,1.039469848972022,74.90625,126,99,95,95,C-SCAN,sequential
6799.1474609375,8.419354838709678,0.967741935483871,0.7128392271626117,11.90625,321,298,325,294,SSTF,sequential
1354.05859375,5.258064516129032,1.0,0.8758082054471538,45.5625,250,285,381,250,FCFS,sequential
5830.93359375,8.516129032258064,0.967741935483871,0.9099235504829755,26.4375,339,297,341,297,SCAN,sequential
1368.1318359375,9.03225806451613,0.967741935483871,0.9373443118667044,48.84375,379,297,381,297,SCAN,sequential
1877.3271484375,9.35483870967742,0.967741935483871,0.7732315316428011,23.71875,297,298,301,294,SSTF,sequential
2317.49609375,6.0,0.967741935483871,1.1228247912286569,3.0625,201,269,349,179,SSTF,sequential
1369.9833984375,8.903225806451612,0.9032258064516129,1.2153242312950896,25.21875,277,280,319,200,SSTF,sequential
137.6552734375,2.193548387096774,0.9354838709677419,1.076646806334189,31.03125,104,51,386,51,SCAN,sequential
1916.37109375,8.35483870967742,0.967741935483871,0.9126874952592899,59.9375,355,298,355,299,SCAN,sequential
806.7099609375,5.096774193548387,0.967741935483871,1.127293650121078,2.90625,231,230,396,173,SSTF,sequential
2843.71484375,7.387096774193548,0.967741935483871,0.8151351251464726,7.6875,280,262,386,210,SSTF,sequential
191.77734375,3.0,0.967741935483871,0.989223772145843,17.6875,99,204,397,53,SSTF,sequential
3598.37109375,14.67741935483871,0.967741935483871,0.895846073010237,37.4375,526,298,384,299,SCAN,sequential
76.1708984375,2.7096774193548385,0.967741935483871,0.9973630075717094,82.21875,149,99,97,97,C-SCAN,sequential
2398.3740234375,8.064516129032258,0.9032258064516129,1.10771462510947,23.53125,331,261,380,216,SSTF,sequential
1621.9130859375,6.451612903225806,0.967741935483871,1.127206257398423,20.34375,219,250,359,206,SSTF,sequential
3144.7568359375,14.516129032258064,0.967741935483871,0.8395706585655359,18.15625,491,298,380,327,SCAN,sequential
6259.3271484375,5.935483870967742,1.0,0.907871764451419,0.28125,275,289,332,277,FCFS,sequential
1830.7568359375,8.903225806451612,0.967741935483871,0.780059646627199,13.15625,341,263,397,207,SSTF,sequential
302.25,1.8709677419354838,1.0,1.0508876698913363,45.25,75,99,75,75,FCFS,sequential
268.21484375,4.709677419354839,0.967741935483871,0.8267613794851674,7.8125,210,262,397,138,SSTF,sequential
4673.6630859375,23.70967741935484,0.9032258064516129,0.8968484777040115,3.34375,832,297,396,303,SCAN,sequential
2917.33984375,14.67741935483871,0.9354838709677419,1.2394564119047686,8.3125,504,279,369,306,SCAN,sequential
273.234375,3.225806451612903,0.967741935483871,0.7629220081467366,25.375,122,255,396,61,SSTF,sequential
1726.2880859375,5.806451612903226,0.967741935483871,0.8305312281021995,4.65625,219,252,385,170,SSTF,sequential
5264.7021484375,8.0,0.9354838709677419,1.0800100773237296,41.28125,306,298,308,294,SSTF,sequential
3367.62109375,14.161290322580646,0.967741935483871,0.8655354545389513,27.0625,458,298,397,336,SCAN,sequential
299.6865234375,4.0,0.9354838709677419,0.7746073859743824,62.53125,212,99,90,90,C-SCAN,sequential
1939.30859375,8.774193548387096,0.9354838709677419,1.0854130677852314,63.0625,341,298,299,296,SSTF,sequential
901.2255859375,5.548387096774194,0.9354838709677419,0.9067581353368454,17.34375,209,242,382,136,SSTF,sequential
4466.40234375,9.225806451612904,0.967741935483871,1.009347920519675,42.1875,343,298,343,299,SCAN,sequential
1524.3349609375,6.612903225806452,0.967741935483871,0.6564686406974254,28.90625,240,241,397,193,SSTF,sequential
344.796875,2.032258064516129,1.0,1.0831342566549558,40.625,71,99,71,71,FCFS,sequential
360.9287109375,2.032258064516129,1.0,1.1423379630049795,21.40625,73,208,396,116,FCFS,sequential
3557.65234375,6.419354838709677,0.967741935483871,1.3161542431842295,6.6875,240,277,344,215,SSTF,sequential
276.62109375,1.8064516129032258,1.0,0.8653258774560719,41.0625,66,99,66,66,FCFS,sequential
2807.75,6.67741935483871,0.967741935483871,0.842389225728295,2.0,222,278,338,202,SSTF,sequential
1508.6318359375,3.3870967741935485,1.0,1.0790579097588895,50.15625,203,296,396,134,SSTF,sequential
3597.08984375,15.580645161290322,0.967741935483871,0.7860785001688877,14.8125,571,296,396,309,SCAN,sequential
3021.859375,7.161290322580645,0.967741935483871,0.9823077609462579,35.375,273,290,357,249,SSTF,sequential
3337.9052734375,21.258064516129032,0.8709677419354839,1.1145386458087938,4.03125,755,297,397,341,SCAN,sequential
1547.671875,7.967741935483871,0.9354838709677419,1.094187881765373,72.625,297,248,354,199,SSTF,sequential
346.8125,3.870967741935484,0.967741935483871,1.0442724263114025,50.5,144,99,79,79,C-SCAN,sequential
2713.8505859375,8.161290322580646,0.967741935483871,0.8413106862757526,57.65625,349,298,351,298,SCAN,sequential
946.0,8.774193548387096,0.9354838709677419,0.9489118491765166,34.0,304,97,397,97,SCAN,sequential
2682.8125,8.903225806451612,0.967741935483871,0.9651099627711661,44.75,371,296,375,295,SSTF,sequential
385.6318359375,2.193548387096774,1.0,0.8640320070155431,62.84375,166,98,368,98,SCAN,sequential
2669.02734375,8.290322580645162,0.967741935483871,0.9417924625801107,56.3125,302,297,304,297,SCAN,sequential
648.52734375,4.935483870967742,0.967741935483871,0.8064351444702129,11.3125,182,227,395,108,SSTF,sequential
838.5224609375,5.709677419354839,0.9354838709677419,0.9737288120281286,21.09375,183,226,383,168,SSTF,sequential
528.546875,5.870967741935484,0.9354838709677419,0.9932283527870573,24.625,222,258,396,166,SSTF,sequential
3144.2646484375,12.03225806451613,0.967741935483871,0.7793719782116113,46.71875,419,297,308,295,SSTF,sequential
3907.5224609375,5.129032258064516,1.0,0.9069035130544417,13.09375,222,261,364,222,FCFS,sequential
3350.15234375,6.967741935483871,0.967741935483871,1.409903660471394,32.3125,290,283,350,238,SSTF,sequential
1290.5,6.645161290322581,0.967741935483871,0.884964898995562,4.75,221,292,397,216,SSTF,sequential
2665.6630859375,9.32258064516129,0.967741935483871,0.9068921188583744,38.65625,364,260,345,256,SSTF,sequential
6766.4443359375,9.225806451612904,0.967741935483871,0.8011687841174465,1.84375,357,298,359,298,SCAN,sequential
347.4375,3.903225806451613,0.967741935483871,1.0594179904822865,52.75,137,81,385,81,SCAN,sequential
422.6943359375,8.774193548387096,0.967741935483871,1.061147837273871,53.84375,341,272,357,196,SSTF,sequential
2645.671875,8.580645161290322,0.967741935483871,1.2045623681061783,10.375,270,251,395,225,SSTF,sequential
4433.25,11.774193548387096,0.967741935483871,1.1954345647045628,23.75,447,298,308,296,SSTF,sequential
324.734375,1.967741935483871,1.0,1.088129197506201,62.375,92,99,92,92,FCFS,sequential
288.484375,1.8709677419354838,1.0,0.8774796676350851,28.875,116,256,397,58,SSTF,sequential
254.77734375,1.7741935483870968,1.0,1.0502952593973787,10.1875,71,214,396,94,FCFS,sequential
5065.5615234375,14.32258064516129,0.9032258064516129,1.1344295534317739,15.46875,462,298,353,298,SCAN,sequential
809.1552734375,10.290322580645162,0.9354838709677419,0.8476427608550802,21.96875,337,241,387,185,SSTF,sequential
1962.9755859375,8.387096774193548,0.9354838709677419,0.8817822079748788,41.34375,260,296,350,198,SSTF,sequential
694.5615234375,2.6129032258064515,1.0,1.2002622808634522,3.46875,127,244,397,122,SSTF,sequential
6333.734375,8.741935483870968,0.967741935483871,0.877065664245722,15.125,343,297,345,297,SCAN,sequential
998.2412109375,5.612903225806452,0.967741935483871,0.8318226449753524,21.40625,237,222,396,116,SSTF,sequential
301.3662109375,1.8709677419354838,1.0,0.9923761917031994,37.40625,123,65,391,65,SCAN,sequential
686.30859375,5.580645161290323,0.9354838709677419,1.0939235267251766,17.4375,210,298,397,204,SSTF,sequential
1102.15234375,10.35483870967742,0.9354838709677419,0.8217733822365044,72.6875,419,298,344,298,SCAN,sequential
5573.875,13.129032258064516,0.967741935483871,0.8472597676582442,19.5,487,298,327,298,SCAN,sequential
1641.609375,10.419354838709678,0.9354838709677419,0.9098840059884012,22.625,360,256,396,232,SSTF,sequential
304.8818359375,2.3548387096774195,0.967741935483871,1.3121341633192807,56.84375,113,99,89,89,C-SCAN,sequential
2273.2802734375,5.741935483870968,0.967741935483871,0.9295077050413346,0.03125,212,260,368,183,SSTF,sequential
5474.9052734375,13.225806451612904,0.9032258064516129,0.8329087085000131,5.03125,461,297,351,296,SSTF,sequential
288.0224609375,1.8064516129032258,1.0,0.8740754145944487,15.09375,67,209,396,101,FCFS,sequential
3843.58984375,8.67741935483871,0.967741935483871,1.0060646809224143,18.1875,274,296,324,218,SSTF,sequential
1862.921875,9.96774193548387,0.8709677419354839,0.9273395966333294,8.125,397,286,389,245,SSTF,sequential
2341.359375,5.741935483870968,0.967741935483871,0.7265150141302426,33.625,241,229,395,153,SSTF,sequential
314.55859375,1.903225806451613,1.0,0.904520364054481,23.5625,112,251,395,65,SSTF,sequential
2366.7802734375,11.451612903225806,0.9032258064516129,0.6323458912390894,36.96875,409,231,384,162,SSTF,sequential
2390.3115234375,9.225806451612904,0.967741935483871,0.7837814321365902,42.46875,383,295,370,257,SSTF,sequential
5516.08984375,8.64516129032258,0.9354838709677419,0.7432566036938234,26.8125,315,297,313,295,SSTF,sequential
4086.9052734375,12.741935483870968,0.967741935483871,1.0537082080275186,49.96875,487,297,305,295,SSTF,sequential
1513.875,7.290322580645161,0.9354838709677419,0.7826694908869445,33.25,298,211,397,117,SSTF,sequential
338.421875,1.903225806451613,1.0,0.9177025258769816,15.375,73,212,397,73,FCFS,sequential
617.484375,4.806451612903226,0.967741935483871,0.9119139716706606,30.375,200,273,397,157,SSTF,sequential
377.43359375,2.096774193548387,1.0,0.9743232946540007,4.4375,93,226,397,93,FCFS,sequential
2089.24609375,9.0,0.9354838709677419,0.9604809932639777,29.9375,291,282,396,254,SSTF,sequential
1399.7255859375,18.161290322580644,0.9354838709677419,0.9831670580576005,18.34375,580,291,344,259,SSTF,sequential
3568.3037109375,10.064516129032258,0.967741935483871,0.8725035751262168,34.59375,322,297,396,317,SCAN,sequential
1694.359375,5.387096774193548,0.9354838709677419,0.7210164747767006,31.625,223,222,397,132,SSTF,sequential
1371.27734375,12.161290322580646,0.967741935483871,0.7725204188775409,26.6875,453,297,396,314,SCAN,sequential
2771.5380859375,10.67741935483871,0.967741935483871,0.8622188875957444,10.65625,366,298,397,366,SCAN,sequential
788.0849609375,5.161290322580645,0.9354838709677419,0.7449390487258076,28.90625,171,276,396,140,SSTF,sequential
4658.74609375,25.741935483870968,0.9354838709677419,1.1023029250118113,57.9375,889,297,306,297,SCAN,sequential
345.0537109375,3.806451612903226,0.967741935483871,0.9523802076000203,8.40625,140,220,396,86,SSTF,sequential
6935.4833984375,8.451612903225806,0.967741935483871,0.9226235866982763,13.78125,325,297,327,297,SCAN,sequential
5863.7255859375,22.0,0.9032258064516129,0.931533152522812,38.34375,767,298,347,298,SCAN,sequential
2704.7099609375,14.67741935483871,0.967741935483871,0.9517086661595338,33.09375,490,298,397,364,SCAN,sequential
4900.421875,10.612903225806452,0.9354838709677419,0.8924734262075823,2.375,414,298,397,328,SCAN,sequential
374.40234375,2.096774193548387,1.0,1.3882420494285992,21.8125,120,253,397,120,FCFS,sequential
2612.9833984375,8.387096774193548,0.967741935483871,0.9092735737570572,52.21875,300,297,302,297,SCAN,sequential
4037.859375,24.322580645161292,0.9354838709677419,0.967354570945379,9.125,811,298,383,299,SCAN,sequential
2752.27734375,6.741935483870968,0.9354838709677419,0.843496729005521,15.3125,225,289,357,183,SSTF,sequential
4713.3427734375,11.096774193548388,0.967741935483871,1.0535764207113036,41.03125,437,298,344,298,SCAN,sequential
361.49609375,2.064516129032258,1.0,0.9284640591364213,25.5625,70,204,396,72,FCFS,sequential
6714.484375,41.29032258064516,0.8709677419354839,0.8592721925483954,18.625,1371,298,355,298,SCAN,sequential
6905.9375,16.580645161290324,0.967741935483871,0.9492750628535611,12.25,536,297,376,297,SCAN,sequential
4958.68359375,15.580645161290322,0.9354838709677419,0.9264278043465716,46.5625,570,297,328,297,SCAN,sequential
711.8740234375,6.096774193548387,0.9354838709677419,0.9935308758038601,30.46875,233,209,397,94,SSTF,sequential
3450.3125,9.96774193548387,0.967741935483871,1.1005318390176386,16.25,315,297,396,309,SCAN,sequential
147.1162109375,5.483870967741935,0.9032258064516129,0.7005973955386007,42.40625,222,63,379,63,SCAN,sequential
2511.109375,8.935483870967742,0.967741935483871,1.1675954270985172,41.875,372,297,374,297,SCAN,sequential
378.49609375,2.096774193548387,1.0,1.0604673300610123,17.4375,81,214,397,81,FCFS,sequential
7800.90234375,21.06451612903226,0.9354838709677419,1.1412377335928054,3.1875,702,298,308,298,SCAN,sequential
927.2724609375,7.064516129032258,0.967741935483871,0.9807408835442596,25.90625,315,294,396,205,SSTF,sequential
4109.7021484375,8.03225806451613,0.9354838709677419,0.740960241231089,7.71875,317,280,395,259,SSTF,sequential
801.0,4.483870967741935,0.9354838709677419,0.9119226041611904,58.0,171,96,383,96,SCAN,sequential
3575.1630859375,5.193548387096774,1.0,0.9416259720726585,10.65625,260,297,379,260,FCFS,sequential
3789.46484375,15.806451612903226,0.9354838709677419,0.8749183583237593,18.3125,542,273,360,241,SSTF,sequential
538.0625,7.67741935483871,0.9032258064516129,0.9951831654889057,26.25,276,213,395,163,SSTF,sequential
3780.21484375,11.774193548387096,0.967741935483871,1.0981120404262075,25.8125,386,298,386,299,SCAN,sequential
635.75,4.548387096774194,0.967741935483871,1.0902022223419556,5.5,147,245,397,123,SSTF,sequential
375.6005859375,2.032258064516129,1.0,0.9936545443993763,7.34375,104,239,395,104,FCFS,sequential
250.234375,2.096774193548387,0.967741935483871,0.7510990791113502,30.875,70,99,58,58,C-SCAN,sequential
264.9208984375,1.8387096774193548,1.0,0.8656432880039429,19.21875,67,208,396,104,FCFS,sequential
331.4365234375,4.193548387096774,0.9354838709677419,0.8154075876042786,22.46875,160,210,397,72,SSTF,sequential
541.3740234375,4.483870967741935,0.967741935483871,0.9406659052534022,2.53125,181,240,394,137,SSTF,sequential
1011.27734375,4.483870967741935,0.967741935483871,0.6446630242229655,1.6875,152,229,397,142,SSTF,sequential
3314.8193359375,8.258064516129032,0.967741935483871,0.9219752126316515,48.15625,298,298,302,294,SSTF,sequential
1152.8193359375,8.096774193548388,0.967741935483871,1.0084469638301925,68.84375,348,298,352,297,SSTF,sequential
3267.6943359375,16.129032258064516,0.9032258064516129,1.087906494283333,40.15625,531,298,396,297,SSTF,sequential
6383.5693359375,22.35483870967742,0.9354838709677419,0.9062473494079566,10.84375,699,298,311,298,SCAN,sequential
644.109375,2.6451612903225805,1.0,0.9567161092220077,20.625,100,216,397,148,FCFS,sequential
1526.7412109375,8.03225806451613,0.9354838709677419,0.9968286529223378,55.40625,339,238,361,175,SSTF,sequential
606.55859375,5.096774193548387,0.967741935483871,0.8513628777378677,45.5625,175,99,89,89,C-SCAN,sequential
2766.3427734375,8.741935483870968,0.967741935483871,1.140595116000637,32.03125,300,285,372,250,SSTF,sequential
457.9599609375,2.193548387096774,1.0,0.8831982147640056,20.90625,78,208,397,78,FCFS,sequential
1935.8974609375,7.096774193548387,0.9354838709677419,0.9760883044007345,10.90625,260,283,397,185,SSTF,sequential
3764.7099609375,15.290322580645162,0.967741935483871,1.1211701476287097,53.09375,482,298,302,298,SCAN,sequential
256.65234375,3.870967741935484,0.967741935483871,0.8352572755504039,23.1875,127,99,55,55,C-SCAN,sequential
2440.609375,10.483870967741936,0.9354838709677419,0.8701462192731949,3.375,362,269,381,211,SSTF,sequential
302.62109375,1.8387096774193548,1.0,0.9131543515109137,25.5625,59,200,397,59,FCFS,sequential
85.5302734375,2.806451612903226,0.967741935483871,1.1260352505184232,48.03125,125,99,63,63,C-SCAN,sequential
1177.1875,9.67741935483871,0.9354838709677419,0.8715861358138208,15.75,320,272,330,172,SSTF,sequential
457.9755859375,4.709677419354839,0.967741935483871,0.908802514996704,4.34375,177,229,396,115,SSTF,sequential
237.6083984375,3.3548387096774195,0.967741935483871,1.0923244288943468,5.21875,122,219,396,72,SSTF,sequential
196.359375,2.6774193548387095,0.967741935483871,1.1824152487669426,10.875,102,231,395,65,SSTF,sequential
1251.12109375,8.161290322580646,0.9354838709677419,1.0172493743376485,17.4375,255,225,391,160,SSTF,sequential
3848.734375,16.0,0.8709677419354839,0.8047308019209626,16.875,585,292,337,278,SSTF,sequential
2693.65234375,5.870967741935484,0.967741935483871,0.905194352827007,17.6875,251,267,348,199,SSTF,sequential
671.02734375,5.387096774193548,0.967741935483871,0.9941075940093966,19.6875,167,231,373,159,SSTF,sequential
639.5380859375,4.290322580645161,0.967741935483871,0.9315058016789798,2.34375,158,236,397,125,SSTF,sequential
7433.8896484375,20.258064516129032,0.9354838709677419,0.9802967921051525,24.71875,702,298,310,298,SCAN,sequential
2397.62109375,9.806451612903226,0.9354838709677419,0.893283241139353,32.4375,309,295,384,315,SCAN,sequential
1638.8505859375,6.290322580645161,0.967741935483871,0.9788218117682463,19.34375,205,271,333,197,SSTF,sequential
1176.7490234375,8.580645161290322,0.967741935483871,1.0445800789098916,19.53125,355,287,389,216,SSTF,sequential
3416.5693359375,12.935483870967742,0.967741935483871,1.001882007206531,56.84375,483,298,345,299,SCAN,sequential
6286.9521484375,8.129032258064516,0.967741935483871,1.108045211660815,26.71875,334,298,338,297,SSTF,sequential
7267.1630859375,8.064516129032258,0.967741935483871,1.041202023034133,12.65625,328,297,330,297,SCAN,sequential
6042.6474609375,10.548387096774194,0.967741935483871,1.2254601850879434,12.09375,404,297,332,295,SSTF,sequential
972.0693359375,4.870967741935484,0.967741935483871,0.8409215117370881,22.15625,178,225,396,120,SSTF,sequential
7270.80859375,9.870967741935484,0.9032258064516129,1.5630408370866002,5.0625,386,297,328,297,SCAN,sequential
4824.3662109375,7.645161290322581,0.967741935483871,0.9512781005712543,33.40625,316,291,346,277,SSTF,sequential
2620.296875,6.193548387096774,0.967741935483871,1.3677738962294672,10.875,235,241,386,180,SSTF,sequential
482.30859375,2.4193548387096775,1.0,0.9085604056351481,48.0625,162,87,386,87,SCAN,sequential
5437.8583984375,10.096774193548388,0.967741935483871,0.8459299550418273,1.78125,386,298,388,298,SCAN,sequential
2029.1630859375,5.419354838709677,0.967741935483871,0.9282496202476741,12.34375,263,293,388,239,SSTF,sequential
282.359375,1.7419354838709677,1.0,1.1562322936833773,6.625,75,219,397,75,FCFS,sequential
216.3740234375,4.225806451612903,0.9354838709677419,0.9824417865838404,15.46875,156,236,393,70,SSTF,sequential
147.52734375,2.6129032258064515,0.967741935483871,1.1173818812823406,76.6875,178,97,346,97,SCAN,sequential
6511.1875,26.64516129032258,0.9354838709677419,0.8144529337569506,33.0,909,298,315,296,SSTF,sequential
863.6865234375,7.838709677419355,0.967741935483871,0.8789782845293131,26.53125,260,260,386,198,SSTF,sequential
5046.109375,12.225806451612904,0.9354838709677419,1.108885320760001,20.875,401,296,382,295,SSTF,sequential
307.234375,5.0,0.967741935483871,0.9404129686044436,62.875,215,92,387,92,SCAN,sequential
515.21484375,4.290322580645161,0.9354838709677419,1.087599009430244,27.1875,162,211,395,80,SSTF,sequential
4793.0625,7.161290322580645,0.967741935483871,0.8689421166131389,18.25,291,267,357,235,SSTF,sequential
740.49609375,6.903225806451613,0.967741935483871,0.7605650453170869,37.5625,289,272,389,223,SSTF,sequential
3385.2646484375,16.0,0.9032258064516129,0.9577085320791621,15.71875,546,287,395,289,SCAN,sequential
269.5625,3.935483870967742,0.967741935483871,0.9685996109321968,48.5,158,80,374,80,SCAN,sequential
362.4833984375,2.064516129032258,1.0,1.0083301262896123,45.21875,141,77,385,77,SCAN,sequential
522.40234375,2.967741935483871,0.967741935483871,0.9588367510744366,66.6875,120,99,97,97,C-SCAN,sequential
354.8271484375,2.129032258064516,1.0,1.0136008502468528,11.28125,110,242,397,110,FCFS,sequential
445.0,5.0,0.967741935483871,1.076686439866609,65.25,156,294,360,98,SSTF,sequential
904.15234375,6.258064516129032,0.967741935483871,1.159479596913942,56.8125,243,202,396,113,SSTF,sequential
426.796875,5.064516129032258,0.967741935483871,1.0264961856031416,8.125,175,261,396,105,SSTF,sequential
266.7021484375,4.354838709677419,0.9354838709677419,1.167449393986394,54.71875,147,85,386,85,SCAN,sequential
5930.2412109375,8.451612903225806,0.967741935483871,0.7733884943470546,22.59375,343,296,347,295,SSTF,sequential
412.2568359375,2.064516129032258,1.0,0.7698164115745104,67.15625,98,99,98,98,FCFS,sequential
1407.5458984375,3.6451612903225805,1.0,0.7685701855923837,28.78125,157,242,366,182,FCFS,sequential
4849.2021484375,7.0,0.967741935483871,0.9626025500839296,20.71875,265,292,331,238,SSTF,sequential
857.1474609375,3.903225806451613,0.967741935483871,1.2339468137402814,24.09375,166,274,397,166,FCFS,sequential
3669.0849609375,18.258064516129032,0.9354838709677419,1.1112102350121604,41.09375,579,298,385,320,SCAN,sequential
81.2099609375,3.6451612903225805,0.9354838709677419,0.9019766874267783,13.09375,115,200,396,72,SSTF,sequential
1129.1083984375,8.193548387096774,0.967741935483871,0.7616454807348613,65.21875,295,297,299,295,FCFS,sequential
2808.02734375,9.806451612903226,0.9354838709677419,0.7348764653330087,7.6875,334,274,378,217,SSTF,sequential
605.046875,8.32258064516129,0.9354838709677419,1.179280627372121,3.125,263,243,389,103,SSTF,sequential
2878.15234375,68.83870967741936,0.5161290322580645,0.9027312124668386,3.8125,2164,298,393,304,SCAN,random
4511.8974609375,57.41935483870968,0.41935483870967744,1.1995655443383866,5.90625,1815,293,395,286,SSTF,random
3820.96484375,67.64516129032258,0.5483870967741935,0.9833799907714458,2.1875,2159,291,381,277,SSTF,random
3352.43359375,73.16129032258064,0.4838709677419355,1.1213206255086645,13.4375,2275,297,396,301,SCAN,random
3358.37109375,63.41935483870968,0.3870967741935484,0.8061471855369676,1.0625,2019,296,389,289,SSTF,random
3201.359375,63.25806451612903,0.45161290322580644,0.6987815124009535,2.125,2000,293,380,293,SCAN,random
3182.5615234375,69.16129032258064,0.45161290322580644,0.9407749081826754,6.53125,2198,298,381,292,SSTF,random
2493.7021484375,47.483870967741936,0.5161290322580645,1.1450616882665805,8.28125,1567,293,379,289,SSTF,random
2613.96484375,60.45161290322581,0.5161290322580645,0.7398713857051485,5.3125,1959,294,391,285,SSTF,random
3218.8427734375,67.0,0.6129032258064516,0.8141300255010183,3.03125,2145,293,395,270,SSTF,random
3806.5771484375,57.354838709677416,0.4838709677419355,1.0391068699694528,3.71875,1780,296,397,302,SCAN,random
2881.875,60.25806451612903,0.5161290322580645,0.9253846630031333,11.75,1919,293,378,275,SSTF,random
4115.6318359375,74.45161290322581,0.41935483870967744,0.9653444914643626,20.84375,2354,296,383,308,SCAN,random
2774.0771484375,62.774193548387096,0.5161290322580645,0.7808384526399433,6.28125,1953,293,393,301,SCAN,random
3892.33984375,80.12903225806451,0.45161290322580644,0.7709266622780594,4.8125,2578,298,388,294,SSTF,random
3893.74609375,79.70967741935483,0.4838709677419355,1.0465614161445638,6.4375,2478,298,391,296,SSTF,random
2488.90234375,49.774193548387096,0.6129032258064516,0.8962719639545786,7.3125,1554,287,397,272,SSTF,random
3515.25,71.35483870967742,0.5483870967741935,0.9043841263255737,3.25,2302,289,392,273,SSTF,random
2842.5068359375,67.2258064516129,0.45161290322580644,0.8869640485144628,9.15625,2117,298,393,278,SSTF,random
3540.359375,59.41935483870968,0.45161290322580644,0.8666607764933265,0.625,1887,296,375,296,SCAN,random
2537.8125,55.83870967741935,0.5161290322580645,1.151309683982005,14.0,1749,298,395,286,SSTF,random
3035.74609375,68.25806451612904,0.45161290322580644,0.8253892194616597,0.0625,2152,297,392,274,SSTF,random
2571.3583984375,59.29032258064516,0.5483870967741935,0.9339780182182307,12.78125,1869,295,396,291,SSTF,random
3501.5615234375,71.58064516129032,0.5483870967741935,0.8554176370682296,2.53125,2293,296,389,276,SSTF,random
3492.1240234375,73.45161290322581,0.41935483870967744,0.9987882612708047,1.46875,2369,298,396,294,SSTF,random
3135.671875,73.03225806451613,0.5806451612903226,1.1940809182363934,1.125,2333,295,393,285,SSTF,random
4015.08984375,77.70967741935483,0.45161290322580644,0.8625542837365932,6.1875,2499,296,397,294,SSTF,random
3639.9052734375,72.7741935483871,0.6129032258064516,0.8142413620026658,7.03125,2316,292,391,286,SSTF,random
2035.5625,51.12903225806452,0.5161290322580645,0.9339709717491501,23.5,1643,277,394,271,SSTF,random
2907.8193359375,68.35483870967742,0.4838709677419355,1.2574050360386047,8.84375,2191,297,387,295,SSTF,random
3677.15234375,70.19354838709677,0.41935483870967744,0.7849848226205082,0.6875,2222,293,397,291,SSTF,random
3421.2646484375,75.90322580645162,0.41935483870967744,0.8978347512850637,1.28125,2436,297,384,281,SSTF,random
3578.1083984375,83.41935483870968,0.4838709677419355,1.0435224768137346,5.21875,2676,292,394,289,SSTF,random
3164.71484375,61.483870967741936,0.5161290322580645,0.962326546831287,11.6875,1908,298,391,286,SSTF,random
4238.02734375,82.45161290322581,0.5483870967741935,0.8936383260901387,0.3125,2585,296,382,296,SCAN,random
3445.8896484375,74.74193548387096,0.5161290322580645,1.1127259394720126,0.71875,2380,298,388,288,SSTF,random
3228.4755859375,77.06451612903226,0.41935483870967744,0.8906563055715792,2.65625,2462,281,396,281,SCAN,random
3114.1552734375,53.74193548387097,0.5483870967741935,0.8182733781412384,6.03125,1699,289,390,283,SSTF,random
3299.1875,65.48387096774194,0.4838709677419355,1.09454418844972,4.75,2038,281,392,283,SCAN,random
3701.6396484375,75.61290322580645,0.5161290322580645,0.8950570686616311,29.28125,2382,298,387,298,SCAN,random
3027.3349609375,75.06451612903226,0.45161290322580644,0.8334475626917989,3.09375,2415,290,394,285,SSTF,random
1876.12109375,58.70967741935484,0.4838709677419355,0.79486646867342,7.0625,1823,296,395,220,SSTF,random
3284.12109375,69.96774193548387,0.4838709677419355,0.9818862567648332,0.4375,2248,286,395,304,SCAN,random
3462.1943359375,69.03225806451613,0.4838709677419355,0.8124083998712082,17.84375,2210,295,386,293,SSTF,random
3653.24609375,72.61290322580645,0.45161290322580644,0.9712156485673207,24.9375,2281,291,397,284,SSTF,random
3346.9130859375,65.29032258064517,0.41935483870967744,0.8738049915748323,1.34375,2069,288,394,278,SSTF,random
4016.87109375,77.29032258064517,0.5483870967741935,0.8678239170726259,2.4375,2458,298,390,288,SSTF,random
3237.2958984375,63.87096774193548,0.5806451612903226,1.079584260388458,13.21875,1997,297,392,288,SSTF,random
2453.359375,48.193548387096776,0.41935483870967744,1.1453031694517393,20.125,1534,277,390,259,SSTF,random
3031.234375,69.45161290322581,0.5161290322580645,0.9398153273117257,12.625,2181,296,387,296,SCAN,random
3430.7958984375,66.2258064516129,0.45161290322580644,0.6750856065337192,15.21875,2076,291,397,303,SCAN,random
3167.546875,61.0,0.41935483870967744,0.946634631001583,11.375,1926,283,393,274,SSTF,random
4286.2177734375,84.3225806451613,0.45161290322580644,1.1441080278010134,1.96875,2662,295,392,305,SCAN,random
3596.6240234375,79.93548387096774,0.5483870967741935,0.8425277655582286,5.53125,2525,297,395,297,SCAN,random
3767.05859375,69.87096774193549,0.45161290322580644,1.0511357426779457,3.4375,2249,295,397,291,SSTF,random
3605.27734375,68.12903225806451,0.5483870967741935,1.0914647402879045,9.6875,2189,298,396,304,SCAN,random
3016.671875,56.096774193548384,0.5161290322580645,0.9281498362572305,6.375,1775,296,393,288,SSTF,random
2608.8349609375,64.25806451612904,0.6129032258064516,0.9261664448781041,9.09375,2077,283,385,260,SSTF,random
3650.71484375,83.06451612903226,0.4838709677419355,0.9185800313377167,13.6875,2619,298,397,284,SSTF,random
3099.68359375,49.83870967741935,0.5161290322580645,0.8344744506748922,7.9375,1617,297,378,281,SSTF,random
2739.9375,66.41935483870968,0.5161290322580645,0.7416520527853294,27.5,2142,294,387,280,SSTF,random
3206.05859375,71.3225806451613,0.41935483870967744,0.6727577149330268,16.4375,2269,295,393,287,SSTF,random
3836.9443359375,68.35483870967742,0.5806451612903226,1.0223339699248823,9.15625,2169,289,397,291,SCAN,random
3493.0380859375,67.93548387096774,0.5806451612903226,0.8441930106485549,3.34375,2121,295,387,291,SSTF,random
3283.1318359375,64.3225806451613,0.5161290322580645,0.8402602726325995,5.84375,2000,288,395,265,SSTF,random
3157.71484375,69.09677419354838,0.45161290322580644,1.3269334871096035,4.1875,2184,295,396,293,SSTF,random
2803.8818359375,65.93548387096774,0.5161290322580645,0.8952776536829977,1.84375,2100,283,397,291,SCAN,random
2912.7568359375,60.903225806451616,0.4838709677419355,1.1345759979383965,12.15625,1935,289,393,293,SCAN,random
2936.046875,69.45161290322581,0.5483870967741935,0.8985436629121707,1.875,2172,298,391,300,SCAN,random
3417.3974609375,77.74193548387096,0.45161290322580644,1.0235942066676085,10.90625,2468,295,392,299,SCAN,random
2398.8125,57.41935483870968,0.5161290322580645,0.999632370134043,2.5,1802,293,394,295,SCAN,random
3120.74609375,66.7741935483871,0.4838709677419355,0.8843390380408642,0.5625,2125,294,393,284,SSTF,random
3256.2333984375,75.70967741935483,0.5161290322580645,0.8916609847578509,7.21875,2404,295,394,284,SSTF,random
3760.49609375,76.54838709677419,0.4838709677419355,1.0381227860677649,5.9375,2407,298,397,296,SSTF,random
2943.2412109375,60.96774193548387,0.5483870967741935,0.9676352726715376,2.59375,1974,283,396,269,SSTF,random
2923.0771484375,68.87096774193549,0.5483870967741935,0.8901132109392901,2.28125,2215,295,394,275,SSTF,random
2090.55859375,54.70967741935484,0.4838709677419355,0.9185814208514432,0.5625,1776,285,386,270,SSTF,random
2676.796875,68.09677419354838,0.4838709677419355,1.009752090620937,1.125,2200,297,396,281,SSTF,random
3846.4375,70.06451612903226,0.5483870967741935,0.979494735972617,12.75,2172,286,392,273,SSTF,random
3343.46484375,72.64516129032258,0.5161290322580645,0.992126918957667,1.8125,2258,284,394,289,SCAN,random
4002.8662109375,61.806451612903224,0.5483870967741935,0.9039206232071417,7.40625,1996,298,391,297,SSTF,random
3043.30859375,33.41935483870968,0.5161290322580645,1.273526213216212,7.0625,1115,297,392,277,SSTF,random
2733.65234375,59.16129032258065,0.45161290322580644,0.8697410952216797,3.6875,1905,291,396,287,SSTF,random
3380.8662109375,69.54838709677419,0.5161290322580645,1.0308749960538526,1.40625,2202,284,397,276,SSTF,random
3550.421875,68.64516129032258,0.45161290322580644,1.0136472103686909,1.125,2199,298,386,270,SSTF,random
2956.734375,66.74193548387096,0.5483870967741935,0.9832698826914956,4.125,2105,295,391,295,SCAN,random
3355.3427734375,71.0,0.4838709677419355,1.1179638239391723,1.03125,2252,296,394,304,SCAN,random
3821.9052734375,73.51612903225806,0.5483870967741935,0.982305449778733,5.96875,2336,294,397,294,SCAN,random
3733.3193359375,66.09677419354838,0.5161290322580645,0.8900803709918127,8.84375,2074,296,386,296,SCAN,random
3067.02734375,65.58064516129032,0.4838709677419355,1.17396051331328,14.3125,2083,296,395,297,SCAN,random
3556.9287109375,64.74193548387096,0.5806451612903226,0.7379724101680685,3.59375,2025,298,396,299,SCAN,random
3673.5693359375,68.80645161290323,0.5806451612903226,0.7183495859315208,15.15625,2167,294,366,290,SSTF,random
2039.08984375,50.70967741935484,0.5483870967741935,1.0544427662556988,6.3125,1627,287,396,295,SCAN,random
2845.2802734375,51.83870967741935,0.5806451612903226,0.924926078593469,16.96875,1637,293,392,277,SSTF,random
4774.1708984375,81.74193548387096,0.4838709677419355,0.816813245429026,1.21875,2600,296,386,322,SCAN,random
3707.3974609375,72.45161290322581,0.3870967741935484,0.7419481347732226,7.09375,2329,298,394,348,SCAN,random
2029.65234375,49.774193548387096,0.5483870967741935,1.0249840563414212,3.3125,1567,282,391,282,SCAN,random
3098.1630859375,62.45161290322581,0.5483870967741935,0.7159645894679845,15.65625,2004,285,395,293,SCAN,random
3418.6630859375,72.38709677419355,0.4838709677419355,0.9698194967061715,4.34375,2286,295,397,287,SSTF,random
3236.7646484375,55.193548387096776,0.5161290322580645,1.1916018222248626,22.28125,1788,294,386,281,SSTF,random
3717.9833984375,67.3225806451613,0.5161290322580645,0.9916297286140463,2.21875,2144,291,388,291,SCAN,random
2834.3974609375,69.61290322580645,0.4838709677419355,1.02499333508584,1.09375,2165,296,397,296,SCAN,random
3731.171875,66.64516129032258,0.5483870967741935,0.7057292052152688,1.125,2107,297,390,291,SSTF,random
2501.1005859375,62.67741935483871,0.5483870967741935,0.8359247342382606,1.65625,1971,288,395,260,SSTF,random
2536.8115234375,56.29032258064516,0.5483870967741935,0.8793450874864465,1.53125,1808,274,394,243,SSTF,random
2929.9677734375,54.29032258064516,0.45161290322580644,0.7855487758438303,2.03125,1734,282,396,261,SSTF,random
3067.40234375,66.64516129032258,0.4838709677419355,0.9080246815446209,18.6875,2123,258,393,216,SSTF,random
3573.984375,62.064516129032256,0.5161290322580645,0.9423713021479437,0.625,1941,295,396,291,SSTF,random
4150.21484375,74.41935483870968,0.5483870967741935,0.8157377262564434,1.3125,2382,288,396,292,SCAN,random
3510.0,74.29032258064517,0.4838709677419355,1.2498983794992167,1.75,2331,286,395,274,SSTF,random
2991.4521484375,70.0,0.4838709677419355,0.839025714300238,0.28125,2223,294,396,290,SSTF,random
3082.5771484375,62.193548387096776,0.5483870967741935,0.8730156882009527,0.28125,1930,298,396,294,SSTF,random
3763.5927734375,71.64516129032258,0.4838709677419355,1.2209971065406335,12.03125,2276,298,386,294,SSTF,random
3305.734375,73.64516129032258,0.5161290322580645,0.9275074419048915,3.625,2359,294,392,275,SSTF,random
4068.74609375,71.48387096774194,0.45161290322580644,1.0501104361995963,2.5625,2282,295,381,295,SCAN,random
3820.2333984375,75.48387096774194,0.45161290322580644,0.9712030035722684,0.78125,2422,296,397,306,SCAN,random
3509.2177734375,95.35483870967742,0.45161290322580644,0.808875102146592,8.96875,2963,297,386,283,SSTF,random
3053.1552734375,68.35483870967742,0.41935483870967744,0.8051406738733938,6.03125,2144,292,395,284,SSTF,random
3662.4375,85.19354838709677,0.4838709677419355,1.0815080178241807,14.75,2720,297,397,284,SSTF,random
3299.2958984375,66.83870967741936,0.41935483870967744,0.799111922239628,1.78125,2169,294,389,290,SSTF,random
3197.2802734375,62.25806451612903,0.4838709677419355,0.9579188764727022,11.96875,1984,286,394,276,SSTF,random
2861.609375,64.61290322580645,0.5483870967741935,1.1942251211248862,2.375,2100,297,395,291,SSTF,random
3343.65234375,76.64516129032258,0.4838709677419355,0.7936388605614028,1.3125,2401,295,394,292,SSTF,random
3077.0625,61.03225806451613,0.5483870967741935,0.8506505027456962,24.25,1963,293,392,314,SCAN,random
3292.0146484375,69.87096774193549,0.6129032258064516,0.9031479871156558,7.28125,2182,282,394,266,SSTF,random
3817.5771484375,84.16129032258064,0.5161290322580645,1.010564142549561,3.28125,2611,296,387,290,SSTF,random
3707.7724609375,73.3225806451613,0.5806451612903226,1.0057506626048445,14.90625,2287,294,384,293,SSTF,random
3918.37109375,72.35483870967742,0.45161290322580644,0.8536063442429179,0.5625,2342,297,396,297,SCAN,random
3740.08984375,76.03225806451613,0.5161290322580645,0.8305205020969227,3.6875,2440,283,380,271,SSTF,random
3240.484375,52.61290322580645,0.4838709677419355,0.7138319041803023,8.625,1725,297,392,287,SSTF,random
3017.4208984375,65.41935483870968,0.4838709677419355,1.0422358021200469,9.78125,2106,288,391,276,SSTF,random
2363.6474609375,47.354838709677416,0.5806451612903226,0.7257013065596155,0.09375,1533,279,394,271,SSTF,random
4165.5,94.96774193548387,0.45161290322580644,1.1120273325980532,7.0,2965,297,391,297,SCAN,random
2564.02734375,50.774193548387096,0.4838709677419355,0.9445438646331032,16.1875,1618,280,383,280,SCAN,random
3410.3349609375,69.80645161290323,0.5483870967741935,1.0989329041923612,6.09375,2237,288,392,277,SSTF,random
2634.0146484375,63.29032258064516,0.4838709677419355,0.959235867666841,1.71875,2018,286,397,259,SSTF,random
2758.5068359375,67.03225806451613,0.5483870967741935,0.8695504663667429,0.15625,2109,296,394,277,SSTF,random
3081.83984375,64.3225806451613,0.45161290322580644,0.981174417885142,11.6875,2075,286,392,298,SCAN,random
4426.8896484375,74.7741935483871,0.5161290322580645,0.8995265617435432,0.71875,2358,298,385,290,SSTF,random
3124.0849609375,66.3225806451613,0.5483870967741935,1.088613580658523,4.09375,2080,294,392,290,SSTF,random
3415.83984375,66.7741935483871,0.45161290322580644,0.7877841627291786,8.6875,2142,294,393,294,SCAN,random
2441.7099609375,62.16129032258065,0.5161290322580645,0.9235390440441861,2.90625,2011,296,397,284,SSTF,random
2735.65234375,74.7741935483871,0.45161290322580644,0.8927070086030714,0.6875,2365,288,390,279,SSTF,random
3390.08984375,64.80645161290323,0.3870967741935484,0.8404361063102455,0.3125,2045,296,396,302,SCAN,random
3180.5625,65.54838709677419,0.45161290322580644,0.9756699157449715,3.25,2036,296,393,264,SSTF,random
2595.2490234375,52.193548387096776,0.45161290322580644,1.0074646456438487,8.46875,1687,296,395,293,SSTF,random
3151.6875,70.16129032258064,0.41935483870967744,1.1005631272327125,4.75,2224,298,396,295,SSTF,random
2879.99609375,76.51612903225806,0.4838709677419355,0.776937534721935,4.9375,2393,296,393,280,SSTF,random
2730.375,61.38709677419355,0.5483870967741935,0.84984228541374,2.5,1932,292,391,313,SCAN,random
3248.984375,79.70967741935483,0.5161290322580645,1.059686292250474,20.125,2512,298,396,295,SSTF,random
3019.4755859375,50.806451612903224,0.4838709677419355,1.349038019063263,12.65625,1582,298,377,288,SSTF,random
3318.5537109375,69.45161290322581,0.5483870967741935,0.8179473432390711,2.59375,2190,288,380,288,SCAN,random
2721.68359375,71.51612903225806,0.5483870967741935,0.8650678237680108,13.4375,2282,294,394,291,SSTF,random
3191.68359375,55.67741935483871,0.41935483870967744,0.7439209854183608,6.0625,1735,296,396,291,SSTF,random
3994.02734375,77.16129032258064,0.4838709677419355,0.8376687473737864,12.3125,2453,295,377,291,SSTF,random
2184.96484375,53.70967741935484,0.3870967741935484,0.7823028700725353,24.6875,1746,275,393,275,SCAN,random
4222.125,78.35483870967742,0.5161290322580645,0.9688071351322836,11.0,2497,292,393,285,SSTF,random
3687.3349609375,79.83870967741936,0.5483870967741935,0.9595362028648942,0.09375,2515,290,395,298,SCAN,random
3040.0146484375,66.64516129032258,0.45161290322580644,0.7461834026983118,5.28125,2130,286,395,272,SSTF,random
3077.68359375,66.41935483870968,0.5483870967741935,0.8465592580387828,8.0625,2071,292,394,276,SSTF,random
3338.5146484375,62.74193548387097,0.5806451612903226,0.7616604134040851,0.28125,2023,292,384,276,SSTF,random
3224.171875,63.903225806451616,0.5161290322580645,0.9064182928678217,1.125,2025,297,394,293,SSTF,random
3562.9912109375,58.29032258064516,0.4838709677419355,1.3499922986916804,1.40625,1854,294,387,286,SSTF,random
3918.6787109375,68.58064516129032,0.45161290322580644,1.0488829167694609,1.40625,2199,295,391,291,SSTF,random
3434.9052734375,61.70967741935484,0.4838709677419355,1.2120692031839466,11.03125,2002,292,380,288,SSTF,random
2855.7490234375,74.83870967741936,0.4838709677419355,0.8214536983045907,7.46875,2347,288,396,296,SCAN,random
2448.8115234375,53.70967741935484,0.45161290322580644,0.98194371736777,14.53125,1759,292,387,268,SSTF,random
3902.5537109375,73.64516129032258,0.4838709677419355,0.7457575947837504,7.59375,2357,297,388,293,SSTF,random
2715.5625,67.6774193548387,0.45161290322580644,0.9841688867451366,8.75,2183,283,392,266,SSTF,random
3342.875,73.06451612903226,0.4838709677419355,0.8283311889079911,3.0,2291,294,394,288,SSTF,random
3882.4599609375,64.58064516129032,0.5806451612903226,1.5117330207519177,5.09375,2097,293,380,293,SCAN,random
3214.4052734375,66.16129032258064,0.5806451612903226,1.448923511482791,2.03125,2096,288,393,282,SSTF,random
2424.7333984375,46.83870967741935,0.4838709677419355,0.884675806350574,9.78125,1484,282,397,278,SSTF,random
2106.375,53.61290322580645,0.4838709677419355,0.8966472780616174,0.25,1673,288,396,270,SSTF,random
3779.2802734375,78.54838709677419,0.5161290322580645,0.7750607858789761,14.96875,2481,280,393,296,SCAN,random
3718.0380859375,56.774193548387096,0.5161290322580645,0.9518950981469358,5.65625,1847,298,383,291,SSTF,random
3099.37109375,70.2258064516129,0.5806451612903226,1.2000150621750896,11.9375,2228,297,394,295,SSTF,random
3437.58984375,65.96774193548387,0.5483870967741935,0.7703417452685489,2.8125,2073,291,383,281,SSTF,random
3491.796875,61.483870967741936,0.4838709677419355,0.8543193074284429,6.875,1978,298,386,272,SSTF,random
4387.4521484375,63.45161290322581,0.4838709677419355,0.8706442187270562,5.28125,2009,297,396,309,SCAN,random
3964.2724609375,71.64516129032258,0.45161290322580644,1.1646624368870586,10.09375,2255,298,396,298,SCAN,random
3037.171875,76.7741935483871,0.5161290322580645,0.9375965755386642,6.125,2426,297,386,285,SSTF,random
3328.4599609375,69.45161290322581,0.5483870967741935,1.2009370812817606,1.09375,2211,298,387,298,SCAN,random
3025.1083984375,70.2258064516129,0.5161290322580645,1.1015794033326949,3.21875,2213,278,384,246,SSTF,random
2226.6474609375,61.67741935483871,0.4838709677419355,1.1131415825555704,6.90625,1965,295,397,289,SSTF,random
3181.3583984375,71.87096774193549,0.5483870967741935,1.023476902521526,2.21875,2299,296,397,274,SSTF,random
2533.796875,65.74193548387096,0.4838709677419355,1.2300096995451717,7.875,2053,281,393,254,SSTF,random
3594.08984375,68.6774193548387,0.5483870967741935,0.7010723794235576,5.6875,2199,298,396,290,SSTF,random
3468.3349609375,68.51612903225806,0.45161290322580644,0.9417394939716505,11.90625,2203,295,396,299,SCAN,random
3531.77734375,68.03225806451613,0.45161290322580644,0.8050687092131318,14.3125,2176,295,393,293,SSTF,random
3364.7255859375,69.19354838709677,0.5483870967741935,0.8859897495392983,19.34375,2228,298,396,308,SCAN,random
1816.30859375,57.58064516129032,0.5161290322580645,0.8473741747036961,9.0625,1837,283,392,264,SSTF,random
1618.83984375,55.096774193548384,0.5161290322580645,1.0378760567723173,3.8125,1751,273,394,230,SSTF,random
3543.49609375,64.93548387096774,0.4838709677419355,0.7233204110303127,1.0625,2104,289,392,288,SSTF,random
2217.7099609375,46.54838709677419,0.3870967741935484,1.030168320351428,28.90625,1492,267,394,235,SSTF,random
2682.43359375,45.645161290322584,0.45161290322580644,0.7863980519939288,14.0625,1443,296,396,304,SCAN,random
3951.921875,59.45161290322581,0.4838709677419355,0.959078303205965,8.125,1936,298,396,293,SSTF,random
2283.9990234375,62.70967741935484,0.41935483870967744,0.82783944682105,0.53125,2009,283,391,255,SSTF,random
3207.52734375,65.03225806451613,0.4838709677419355,0.7111861795357184,11.8125,2050,297,389,279,SSTF,random
2697.8037109375,66.51612903225806,0.5161290322580645,1.0016661370485542,3.40625,2091,293,382,275,SSTF,random
3445.77734375,64.35483870967742,0.5483870967741935,0.9332964502346627,3.1875,2036,285,392,275,SSTF,random
3106.1708984375,71.25806451612904,0.4838709677419355,0.997758663913925,13.21875,2212,296,397,274,SSTF,random
3916.1630859375,54.774193548387096,0.4838709677419355,0.9712268004773051,12.34375,1774,298,381,274,SSTF,random
2635.109375,60.41935483870968,0.4838709677419355,0.9394298338918268,6.625,1914,298,396,299,SCAN,random
2578.359375,68.25806451612904,0.4838709677419355,0.8022633162126528,3.125,2128,297,387,275,SSTF,random
3763.546875,68.41935483870968,0.5161290322580645,0.8616230973653293,13.125,2138,297,394,283,SSTF,random
4124.109375,67.7741935483871,0.5806451612903226,1.0064483614311248,6.875,2163,292,388,282,SSTF,random
2765.6787109375,64.29032258064517,0.5483870967741935,0.9881913206506352,4.59375,2038,294,396,278,SSTF,random
4093.65234375,81.41935483870968,0.4838709677419355,1.079969986212597,6.1875,2576,296,390,322,SCAN,random
3183.875,66.06451612903226,0.5161290322580645,0.7439362048196888,3.5,2076,287,396,289,SCAN,random
2873.58984375,67.90322580645162,0.5161290322580645,0.7066243237876625,18.8125,2184,290,390,278,SSTF,random
4190.99609375,85.61290322580645,0.45161290322580644,0.5949985065627473,7.4375,2717,296,395,286,SSTF,random
3340.6708984375,65.19354838709677,0.5161290322580645,1.448589940180907,10.78125,2080,298,384,296,SSTF,random
2877.046875,72.35483870967742,0.41935483870967744,0.8144254465606952,10.375,2255,297,395,303,SCAN,random
2746.7568359375,56.16129032258065,0.5806451612903226,1.0708902795192758,15.15625,1755,294,391,288,SSTF,random
3651.6552734375,76.35483870967742,0.45161290322580644,1.1662091418556575,3.03125,2429,297,396,295,SSTF,random
3008.625,74.29032258064517,0.5161290322580645,0.9062365998831199,2.5,2334,294,393,289,SSTF,random
2898.1474609375,77.09677419354838,0.4838709677419355,0.9672545970604834,11.90625,2476,276,396,260,SSTF,random
3623.3193359375,72.83870967741936,0.41935483870967744,1.0099555065427561,1.15625,2328,296,394,295,SSTF,random
3814.3349609375,78.51612903225806,0.4838709677419355,0.9191853287154679,11.90625,2451,294,395,286,SSTF,random
3386.12109375,69.80645161290323,0.5483870967741935,1.0489235389188079,11.0625,2164,284,394,292,SCAN,random
3028.2724609375,68.96774193548387,0.45161290322580644,0.725952041392672,6.09375,2185,291,392,289,SSTF,random
2910.875,64.64516129032258,0.45161290322580644,0.9067186698966739,8.25,2050,297,393,309,SCAN,random
3359.4130859375,73.0,0.5161290322580645,0.9760417340636371,10.65625,2307,292,395,289,SSTF,random
3507.6943359375,74.6774193548387,0.5161290322580645,0.8980915469478975,7.84375,2375,292,395,287,SSTF,random
4826.2333984375,68.48387096774194,0.41935483870967744,0.7988969945251574,2.21875,2160,296,393,295,SSTF,random
2684.93359375,60.774193548387096,0.5483870967741935,1.031766499990329,14.0625,1917,289,397,251,SSTF,random
2991.6083984375,70.64516129032258,0.45161290322580644,0.7809277480754624,1.21875,2200,293,396,279,SSTF,random
3534.8740234375,70.54838709677419,0.5161290322580645,0.8964439542114904,21.46875,2246,297,391,295,SSTF,random
2590.875,48.225806451612904,0.5161290322580645,1.1130686384537634,6.0,1502,284,395,271,SSTF,random
3041.43359375,58.0,0.45161290322580644,0.9770573221462212,13.0625,1843,298,396,298,SCAN,random
3193.546875,70.51612903225806,0.5806451612903226,1.2766682945561456,4.375,2277,297,397,303,SCAN,random
3522.4365234375,66.58064516129032,0.4838709677419355,1.0809809990710293,9.46875,2117,295,381,287,SSTF,random
3367.4833984375,52.193548387096776,0.41935483870967744,1.023032221555001,7.78125,1634,295,393,288,SSTF,random
3138.24609375,71.12903225806451,0.45161290322580644,0.8258549486561555,2.0625,2253,287,397,283,SSTF,random
3602.0,75.70967741935483,0.41935483870967744,1.0180359758842996,1.25,2420,298,392,260,SSTF,random
3314.25,74.74193548387096,0.41935483870967744,1.2754062592366113,3.75,2350,297,389,297,SCAN,random
2094.3427734375,59.74193548387097,0.45161290322580644,1.0930788844234,20.96875,1921,298,395,278,SSTF,random
2767.359375,58.096774193548384,0.5483870967741935,1.1456651564663674,5.375,1875,297,384,261,SSTF,random
3816.80859375,59.32258064516129,0.5806451612903226,0.7816346488276992,0.4375,1938,297,392,305,SCAN,random
3652.68359375,83.45161290322581,0.5161290322580645,0.668178987540363,8.0625,2642,295,395,291,SSTF,random
2363.87109375,57.483870967741936,0.5806451612903226,0.9855331617189953,4.5625,1782,297,396,280,SSTF,random
3417.3115234375,62.87096774193548,0.5161290322580645,0.9706550158375974,0.46875,2032,289,394,287,SSTF,random
3314.7646484375,70.19354838709677,0.5483870967741935,0.9720407349666738,6.71875,2238,297,391,295,SSTF,random
3289.3349609375,78.83870967741936,0.4838709677419355,0.6815483768953536,3.90625,2515,294,391,278,SSTF,random
3074.8271484375,60.32258064516129,0.5161290322580645,0.9376787391868588,0.28125,1915,295,388,275,SSTF,random
3357.921875,67.3225806451613,0.45161290322580644,0.7997351125179623,8.125,2090,298,395,295,SSTF,random
3688.33984375,66.38709677419355,0.5483870967741935,0.7910390601658324,15.1875,2074,295,397,290,SSTF,random
3253.2177734375,70.09677419354838,0.5483870967741935,0.8365131375268383,17.96875,2196,291,394,258,SSTF,random
2959.1474609375,56.064516129032256,0.5161290322580645,1.1127606792382017,3.90625,1741,291,397,281,SSTF,random
2806.6162109375,64.16129032258064,0.5161290322580645,1.0646270963416948,11.40625,2041,295,393,263,SSTF,random
3119.2958984375,74.64516129032258,0.4838709677419355,1.0561189187846376,13.78125,2327,298,389,295,SSTF,random
2446.6787109375,57.516129032258064,0.41935483870967744,1.1871844284567508,3.59375,1785,298,388,282,SSTF,random
3759.0537109375,71.87096774193549,0.5161290322580645,1.248110755254135,4.40625,2281,293,397,299,SCAN,random
3238.671875,59.96774193548387,0.5806451612903226,0.9268837862419266,15.625,1902,290,389,267,SSTF,random
4205.80859375,82.70967741935483,0.5161290322580645,0.9578085704884757,1.5625,2629,294,384,288,SSTF,random
2506.5537109375,53.45161290322581,0.4838709677419355,0.9014579772424947,4.59375,1724,284,386,273,SSTF,random
3607.4599609375,66.41935483870968,0.45161290322580644,1.0084735531351576,8.09375,2137,285,394,266,SSTF,random
2481.49609375,60.12903225806452,0.5161290322580645,0.6948977893583017,10.5625,1902,297,394,295,SSTF,random
3057.5537109375,67.48387096774194,0.45161290322580644,0.992717534149719,8.59375,2151,293,392,283,SSTF,random
2527.171875,57.193548387096776,0.5161290322580645,0.8039336866738274,8.125,1837,285,381,285,SCAN,random
3168.046875,63.193548387096776,0.4838709677419355,1.266083306986643,7.375,1979,294,394,288,SSTF,random
2164.625,57.645161290322584,0.45161290322580644,0.9052919046468568,0.25,1823,278,392,224,SSTF,random
3097.0927734375,70.80645161290323,0.5806451612903226,1.0197878981980664,11.03125,2259,291,397,269,SSTF,random
3622.65234375,69.58064516129032,0.5806451612903226,1.0721483363644977,15.3125,2160,298,395,308,SCAN,random
2793.18359375,68.96774193548387,0.4838709677419355,1.0729601348385402,16.5625,2196,298,390,278,SSTF,random
2459.58984375,62.064516129032256,0.5483870967741935,0.9086420919572195,23.6875,1985,291,391,285,SSTF,random
2700.5625,63.354838709677416,0.4838709677419355,0.7396272145411517,10.75,1979,292,390,280,SSTF,random
2964.9755859375,62.645161290322584,0.5161290322580645,0.883102565829278,22.65625,1985,287,393,273,SSTF,random
2533.96484375,68.70967741935483,0.4838709677419355,0.8022263112070325,4.3125,2188,288,396,278,SSTF,random
4198.33984375,86.6774193548387,0.3548387096774194,1.1150025687439562,9.6875,2751,297,378,289,SSTF,random
2971.30859375,65.16129032258064,0.5806451612903226,0.8566948571113989,13.0625,2098,297,391,261,SSTF,random
3209.9365234375,58.935483870967744,0.45161290322580644,1.0693633232321655,18.46875,1870,283,396,313,SCAN,random
3055.33984375,75.54838709677419,0.4838709677419355,0.8406096140503708,18.3125,2349,295,393,300,SCAN,random
2563.625,58.87096774193548,0.5483870967741935,0.9570522769680218,6.25,1914,287,382,277,SSTF,random
3443.3125,59.54838709677419,0.6129032258064516,1.1741904694183205,3.75,1887,294,395,282,SSTF,random
3639.1318359375,79.90322580645162,0.4838709677419355,0.9603555686596136,0.15625,2567,287,396,285,SSTF,random
2664.0693359375,62.54838709677419,0.45161290322580644,0.8928292382379336,4.84375,1958,298,393,289,SSTF,random
3113.1240234375,67.29032258064517,0.4838709677419355,1.280969286290293,0.46875,2132,296,391,294,SSTF,random
2874.0537109375,87.54838709677419,0.45161290322580644,1.0143459845969387,8.40625,2794,289,391,270,SSTF,random
3635.7490234375,68.25806451612904,0.4838709677419355,0.9803500372563205,6.46875,2152,298,385,288,SSTF,random
3226.87109375,41.483870967741936,0.4838709677419355,0.9647363567104372,5.0625,1369,286,395,284,SSTF,random
2647.25,72.41935483870968,0.5483870967741935,0.9982560538565551,2.25,2305,288,397,266,SSTF,random
3885.625,82.74193548387096,0.5483870967741935,0.8443982823544034,11.75,2651,296,391,297,SCAN,random
3587.5,68.38709677419355,0.4838709677419355,0.9807072034096408,20.25,2154,297,395,296,SSTF,random
2618.7177734375,66.12903225806451,0.6129032258064516,0.9393250460966919,0.96875,2091,291,396,284,SSTF,random
2932.234375,57.67741935483871,0.4838709677419355,0.9540441814975539,9.625,1848,295,394,285,SSTF,random
3324.4052734375,59.38709677419355,0.4838709677419355,0.9829958860443354,15.96875,1851,298,393,274,SSTF,random
3973.0693359375,82.58064516129032,0.45161290322580644,1.4224318901225972,11.15625,2589,298,377,298,SCAN,random
2471.6162109375,67.58064516129032,0.41935483870967744,1.0526667607630074,0.40625,2136,298,376,294,SSTF,random
3562.4208984375,70.29032258064517,0.41935483870967744,0.9519193534042069,11.78125,2277,291,396,297,SCAN,random
3917.1318359375,79.58064516129032,0.5161290322580645,1.0790301872269101,2.84375,2546,297,395,307,SCAN,random
4768.68359375,62.54838709677419,0.3548387096774194,0.8710764237011289,16.9375,2032,290,396,290,SCAN,random
3921.4208984375,81.19354838709677,0.4838709677419355,0.9069286195586225,0.78125,2600,293,371,291,SSTF,random
3431.9521484375,69.45161290322581,0.5483870967741935,1.0940442795161462,2.28125,2154,296,383,296,SCAN,random
3273.37109375,68.09677419354838,0.4838709677419355,0.7769542218186272,1.5625,2130,293,396,297,SCAN,random
3858.0849609375,83.51612903225806,0.45161290322580644,1.0717448869898736,0.90625,2592,298,392,301,SCAN,random
3050.7802734375,59.25806451612903,0.5806451612903226,1.0277392182206209,11.03125,1904,297,395,314,SCAN,random
2929.6875,67.3225806451613,0.5161290322580645,0.8931975626180422,14.0,2158,293,397,263,SSTF,random
3363.546875,69.80645161290323,0.45161290322580644,1.2446198213961188,9.875,2263,293,387,293,SCAN,random
3090.68359375,69.19354838709677,0.4838709677419355,0.9654046312229795,8.0625,2215,286,381,278,SSTF,random
3470.0927734375,62.12903225806452,0.41935483870967744,1.1072333675247212,6.03125,2020,297,393,294,SSTF,random
4054.7646484375,77.7741935483871,0.45161290322580644,1.026735529926588,6.71875,2438,296,373,278,SSTF,random
2841.27734375,54.41935483870968,0.45161290322580644,1.2926871247034495,3.1875,1765,296,397,286,SSTF,random
3052.02734375,62.61290322580645,0.5161290322580645,0.7907530007446997,3.3125,1974,298,387,290,SSTF,random
3350.1083984375,59.193548387096776,0.5161290322580645,1.0848909491818723,6.78125,1909,297,392,295,SSTF,random
3385.8740234375,60.12903225806452,0.6129032258064516,0.9532832462736234,0.46875,1919,298,387,278,SSTF,random
2602.21484375,61.38709677419355,0.3870967741935484,0.870408437875312,5.6875,1944,298,396,316,SCAN,random
4032.5771484375,82.51612903225806,0.4838709677419355,0.7621633084181637,3.71875,2571,297,393,298,SCAN,random
2851.40234375,67.3225806451613,0.6129032258064516,0.8114903699637309,7.8125,2120,291,384,275,SSTF,random
3991.375,63.58064516129032,0.5161290322580645,0.8264014677558899,8.75,2044,296,394,294,SSTF,random
3493.4677734375,70.19354838709677,0.5483870967741935,0.9476497697280211,17.03125,2203,294,386,284,SSTF,random
3664.0615234375,74.58064516129032,0.4838709677419355,0.8839317196767821,2.46875,2381,298,396,294,SSTF,random
2737.3271484375,73.09677419354838,0.4838709677419355,1.203028911601302,1.28125,2317,285,395,268,SSTF,random
3803.0,78.83870967741936,0.41935483870967744,1.2416331487891379,5.5,2521,294,393,291,SSTF,random
2633.4755859375,59.774193548387096,0.5161290322580645,1.0165785964844085,3.65625,1892,284,393,284,SCAN,random
3417.3037109375,64.54838709677419,0.45161290322580644,1.0372703677110833,6.59375,2096,297,391,297,SCAN,random
2785.875,73.25806451612904,0.5806451612903226,0.8522938565663832,14.0,2330,293,397,276,SSTF,random
3260.5224609375,56.70967741935484,0.5161290322580645,1.2541826656578794,12.90625,1843,297,396,289,SSTF,random
3265.3896484375,56.70967741935484,0.4838709677419355,1.0652948996811116,1.71875,1783,294,385,294,SCAN,random
2929.171875,68.93548387096774,0.4838709677419355,1.06328094902448,3.625,2205,298,393,294,SSTF,random
3445.984375,62.225806451612904,0.5161290322580645,1.0228289742905519,4.125,1946,296,382,290,SSTF,random
3589.9521484375,80.7741935483871,0.45161290322580644,0.9648640519534805,15.28125,2556,293,390,312,SCAN,random
3722.9755859375,73.19354838709677,0.45161290322580644,0.8191863880169703,5.65625,2319,297,397,295,SSTF,random
3576.0224609375,72.74193548387096,0.45161290322580644,0.941843678410907,4.90625,2262,296,393,310,SCAN,random
3836.77734375,51.83870967741935,0.4838709677419355,0.8579610571645924,17.8125,1646,287,396,287,SCAN,random
3636.984375,76.74193548387096,0.4838709677419355,0.8653348155770134,17.375,2381,297,385,330,SCAN,random
2920.8740234375,65.09677419354838,0.5483870967741935,0.7644193995905503,0.46875,2051,286,397,272,SSTF,random
3721.9677734375,78.87096774193549,0.5161290322580645,0.9337876234601107,5.96875,2530,293,389,291,SSTF,random
3178.30859375,79.25806451612904,0.41935483870967744,0.7864586148041226,6.0625,2485,298,395,282,SSTF,random
3070.68359375,66.35483870967742,0.45161290322580644,1.2896277198448391,0.9375,2076,297,389,282,SSTF,random
3821.68359375,72.06451612903226,0.5483870967741935,0.8078395118434375,2.5625,2273,297,391,287,SSTF,random
2607.87109375,61.74193548387097,0.5806451612903226,0.8333991969158144,17.5625,1949,291,389,281,SSTF,random
3402.9443359375,70.6774193548387,0.5161290322580645,1.2162588635980793,1.84375,2254,292,394,290,SSTF,random
2915.2099609375,67.6774193548387,0.5161290322580645,1.055697777786553,4.09375,2117,297,395,290,SSTF,random
2119.21484375,48.83870967741935,0.5483870967741935,0.833523521219081,0.8125,1567,278,392,231,SSTF,random
3442.9833984375,65.29032258064517,0.4838709677419355,1.0228881214328718,2.78125,2062,292,393,291,SSTF,random
2890.6875,60.70967741935484,0.4838709677419355,0.8303695606975952,8.25,1923,298,393,314,SCAN,random
3580.609375,68.25806451612904,0.45161290322580644,1.0977982097913337,3.875,2210,295,392,292,SSTF,random
3280.9365234375,66.64516129032258,0.5483870967741935,1.0183456375056792,12.46875,2069,290,396,284,SSTF,random
3943.55859375,70.0,0.5483870967741935,0.9131093943625764,3.4375,2270,298,397,298,SCAN,random
4261.9833984375,77.16129032258064,0.4838709677419355,0.9113384017721142,2.21875,2488,294,387,290,SSTF,random
3925.8974609375,77.90322580645162,0.45161290322580644,1.014675000215631,7.09375,2485,298,369,278,SSTF,random
3517.58984375,79.0,0.5483870967741935,0.6851458832716537,2.3125,2452,296,397,296,SCAN,random
4667.7802734375,78.38709677419355,0.4838709677419355,1.0599524253723807,4.03125,2525,298,389,304,SCAN,random
4681.6396484375,89.12903225806451,0.5161290322580645,0.8590609269794333,6.28125,2833,296,381,290,SSTF,random
3002.2255859375,69.87096774193549,0.45161290322580644,1.023660172890143,0.34375,2246,292,395,268,SSTF,random
2900.2568359375,68.41935483870968,0.5161290322580645,1.012869283330268,13.84375,2155,297,395,302,SCAN,random
3122.6162109375,71.93548387096774,0.5161290322580645,0.834167196124837,5.40625,2266,294,385,284,SSTF,random
2862.9443359375,62.87096774193548,0.5483870967741935,0.8412219423646478,7.84375,1997,297,395,275,SSTF,random
4549.0927734375,82.03225806451613,0.45161290322580644,1.1156982694429847,2.03125,2586,286,382,286,SCAN,random
3040.609375,83.03225806451613,0.4838709677419355,0.6651582675907569,0.625,2608,295,397,289,SSTF,random
2767.2412109375,63.193548387096776,0.45161290322580644,1.0757706486971257,5.40625,2019,285,395,285,SCAN,random
3393.3037109375,75.45161290322581,0.4838709677419355,0.9878281852219574,0.40625,2367,293,383,261,SSTF,random
3854.3662109375,65.19354838709677,0.3870967741935484,0.8004848606293675,12.40625,2058,294,391,292,SSTF,random
4220.3505859375,58.096774193548384,0.3870967741935484,0.8283298885176635,7.34375,1880,293,396,301,SCAN,random
2140.83984375,53.29032258064516,0.3548387096774194,0.8093095885565623,2.1875,1687,296,396,262,SSTF,random
3548.9365234375,80.64516129032258,0.5483870967741935,0.952718778378698,2.46875,2596,298,392,296,SSTF,random
2343.37109375,56.38709677419355,0.41935483870967744,0.7325149194717705,5.9375,1790,280,396,262,SSTF,random
2712.83984375,65.61290322580645,0.4838709677419355,0.8198512324776126,4.6875,2122,281,390,259,SSTF,random
3923.46484375,89.58064516129032,0.5483870967741935,1.142970282786995,12.3125,2804,290,397,281,SSTF,random
2159.046875,52.806451612903224,0.5161290322580645,0.8975063121051654,1.875,1665,279,381,259,SSTF,random
3169.5771484375,69.45161290322581,0.5806451612903226,0.9134104786570328,3.28125,2250,298,396,274,SSTF,random
2485.5615234375,60.74193548387097,0.5161290322580645,0.9199325080527676,11.53125,1922,294,396,298,SCAN,random
3686.2177734375,69.6774193548387,0.5806451612903226,0.7458972054635532,6.03125,2249,296,376,290,SSTF,random
3242.1396484375,74.58064516129032,0.4838709677419355,1.0103300255376466,16.28125,2373,295,397,305,SCAN,random
3726.375,83.25806451612904,0.4838709677419355,1.0627647298955671,7.0,2648,298,384,290,SSTF,random
3613.5927734375,63.16129032258065,0.5161290322580645,1.051720146373573,5.96875,2056,296,395,298,SCAN,random
3306.6875,65.90322580645162,0.5161290322580645,1.0087795163827937,10.25,2107,296,384,276,SSTF,random
3802.55859375,60.806451612903224,0.45161290322580644,1.034165625010078,4.4375,1973,295,377,273,SSTF,random
2374.25,56.774193548387096,0.4838709677419355,1.221573058111681,5.5,1791,289,397,280,SSTF,random
2983.8125,65.19354838709677,0.4838709677419355,0.8064379696493073,4.0,2048,290,388,286,SSTF,random
3345.55859375,56.67741935483871,0.5806451612903226,1.0433006685031088,0.0625,1857,298,395,320,SCAN,random
3440.5224609375,73.58064516129032,0.4838709677419355,0.8741750831920498,19.90625,2294,298,389,282,SSTF,random
2901.9365234375,63.193548387096776,0.4838709677419355,1.07130461267186,11.46875,1978,295,389,285,SSTF,random
3692.30859375,59.483870967741936,0.5483870967741935,1.1759713069514248,3.0625,1849,290,393,274,SSTF,random
4216.9677734375,93.58064516129032,0.45161290322580644,0.9619427178868836,5.03125,2911,293,388,293,SCAN,random
3166.3740234375,56.0,0.5161290322580645,1.0092224416091842,5.46875,1746,298,394,292,SSTF,random
3322.359375,62.54838709677419,0.5161290322580645,1.1655518847925248,10.875,2003,293,396,309,SCAN,random
3427.08984375,79.41935483870968,0.4838709677419355,1.3724630128140471,7.1875,2557,293,388,289,SSTF,random
3771.6630859375,69.70967741935483,0.45161290322580644,1.008746381746375,6.34375,2252,297,396,293,SSTF,random
2615.7255859375,45.806451612903224,0.5483870967741935,0.9792174476482609,34.34375,1499,293,392,295,SCAN,random
2169.0927734375,60.12903225806452,0.5161290322580645,0.9156206370364107,7.03125,1894,284,394,242,SSTF,random
2879.68359375,65.6774193548387,0.5161290322580645,0.8722820310499944,7.4375,2084,293,393,281,SSTF,random
2825.5302734375,66.70967741935483,0.5161290322580645,1.14099496538527,1.03125,2097,297,391,297,SCAN,random
3762.1240234375,74.09677419354838,0.45161290322580644,0.9740932447309851,9.46875,2350,296,397,292,SSTF,random
2422.2021484375,54.16129032258065,0.45161290322580644,1.0862163837643597,17.71875,1711,288,390,250,SSTF,random
3132.2412109375,72.25806451612904,0.5161290322580645,0.9297775106864261,2.40625,2272,295,397,291,SSTF,random
4051.3115234375,73.96774193548387,0.45161290322580644,0.8417977357676262,5.46875,2389,292,391,286,SSTF,random
3583.1943359375,69.51612903225806,0.4838709677419355,0.7947346301230687,0.84375,2168,296,395,293,SSTF,random
2311.0146484375,61.935483870967744,0.5161290322580645,0.8843059489032511,13.28125,1971,296,392,254,SSTF,random
3653.3662109375,72.19354838709677,0.4838709677419355,0.8231524492537201,9.40625,2295,288,390,282,SSTF,random
3461.21484375,63.096774193548384,0.4838709677419355,1.3195715262185563,20.3125,1970,295,393,289,SSTF,random
3077.24609375,68.83870967741936,0.5161290322580645,1.0596587813465226,3.4375,2167,290,395,277,SSTF,random
3284.484375,79.35483870967742,0.41935483870967744,0.8150175434450896,8.375,2529,285,391,272,SSTF,random
3062.1005859375,78.38709677419355,0.45161290322580644,0.8070101112969844,6.34375,2473,293,394,303,SCAN,random
3328.421875,65.03225806451613,0.5161290322580645,0.9750294857153446,8.875,2112,296,382,292,SSTF,random
3299.7568359375,69.6774193548387,0.45161290322580644,0.9180903855604712,1.84375,2163,291,395,279,SSTF,random
2798.7333984375,71.93548387096774,0.45161290322580644,1.2522083195657308,7.21875,2249,281,396,257,SSTF,random
1789.0146484375,52.0,0.5161290322580645,0.9772424365880877,8.28125,1639,262,397,264,SCAN,random
2175.83984375,13.903225806451612,0.3870967741935484,2.633441803294261,10.3125,524,291,395,265,SSTF,bursty
37.125,6.774193548387097,0.45161290322580644,2.6189717871230194,36.25,254,99,46,46,C-SCAN,bursty
2571.8125,12.67741935483871,0.4838709677419355,3.26530963272473,12.25,421,298,396,174,SSTF,bursty
1110.02734375,12.129032258064516,0.41935483870967744,3.273362216223934,32.8125,417,245,359,167,SSTF,bursty
435.77734375,8.580645161290322,0.5161290322580645,2.8769422519016072,63.8125,350,99,96,96,C-SCAN,bursty
60.3115234375,6.032258064516129,0.41935483870967744,2.672286824893365,24.53125,198,36,395,36,SCAN,bursty
1457.77734375,10.193548387096774,0.41935483870967744,3.062257773581622,67.3125,397,242,374,178,SSTF,bursty
47.1318359375,7.67741935483871,0.4838709677419355,3.046800237139491,8.15625,242,220,397,54,SSTF,bursty
627.1630859375,8.67741935483871,0.5806451612903226,3.0629219339571163,6.34375,301,230,384,102,SSTF,bursty
992.1708984375,14.774193548387096,0.41935483870967744,3.1582201027229075,45.21875,487,283,370,117,SSTF,bursty
41.18359375,6.32258064516129,0.3870967741935484,2.4729028988349633,34.9375,229,99,49,49,C-SCAN,bursty
909.7490234375,11.451612903225806,0.45161290322580644,2.484574260839071,5.53125,362,275,397,139,SSTF,bursty
114.3505859375,8.064516129032258,0.4838709677419355,3.67425994850022,2.65625,265,223,393,61,SSTF,bursty
546.93359375,10.096774193548388,0.45161290322580644,3.606069383738378,25.5625,335,233,381,123,SSTF,bursty
1838.9287109375,18.419354838709676,0.41935483870967744,3.1178128938290532,28.40625,585,273,346,141,SSTF,bursty
555.27734375,7.870967741935484,0.3548387096774194,2.9501238658778184,22.8125,276,252,368,76,SSTF,bursty
2933.5927734375,17.387096774193548,0.41935483870967744,2.9784814526694126,39.03125,564,229,379,157,SSTF,bursty
2074.4599609375,16.70967741935484,0.4838709677419355,2.956270008525766,22.90625,596,276,397,240,SSTF,bursty
1219.6875,10.516129032258064,0.45161290322580644,2.5136497369183792,14.0,354,236,387,152,SSTF,bursty
1741.30859375,14.129032258064516,0.4838709677419355,1.9828743543092986,24.0625,491,265,371,182,SSTF,bursty
415.3349609375,11.290322580645162,0.4838709677419355,2.859404945313483,22.90625,354,253,396,85,SSTF,bursty
562.5537109375,9.064516129032258,0.45161290322580644,2.560547739843736,19.59375,295,218,389,85,SSTF,bursty
111.2177734375,8.258064516129032,0.4838709677419355,3.286502678013131,16.96875,267,202,394,48,SSTF,bursty
1801.9755859375,12.483870967741936,0.4838709677419355,2.1159053258146123,40.34375,409,279,338,137,SSTF,bursty
33.671875,6.806451612903226,0.45161290322580644,2.711254298833953,25.875,229,34,388,34,SCAN,bursty
1924.359375,13.419354838709678,0.45161290322580644,2.9193753942557237,60.625,491,292,323,156,SSTF,bursty
288.5302734375,7.709677419354839,0.45161290322580644,2.789200815094414,47.96875,306,78,375,78,SCAN,bursty
1908.27734375,15.451612903225806,0.3548387096774194,2.7068979469538004,11.6875,554,235,390,162,SSTF,bursty
47.46484375,6.516129032258065,0.5161290322580645,2.576399593188602,22.6875,228,99,39,39,C-SCAN,bursty
494.9912109375,8.838709677419354,0.3870967741935484,3.2410439749442124,7.40625,290,235,372,107,SSTF,bursty
34.2021484375,6.225806451612903,0.45161290322580644,3.31438411801129,14.71875,208,23,396,23,SCAN,bursty
1117.3125,13.935483870967742,0.5161290322580645,2.811334933894131,21.75,489,255,376,135,SSTF,bursty
1974.12109375,22.70967741935484,0.3225806451612903,3.2207154453761304,21.5625,779,235,396,157,SSTF,bursty
31.4599609375,6.129032258064516,0.4838709677419355,3.288171337434657,28.09375,227,37,382,37,SCAN,bursty
327.5927734375,11.0,0.45161290322580644,2.670939110106825,58.96875,365,88,376,88,SCAN,bursty
2571.4599609375,24.258064516129032,0.4838709677419355,2.240932664793602,22.09375,833,228,391,155,SSTF,bursty
3558.734375,23.677419354838708,0.5161290322580645,2.656490762064309,43.625,815,262,344,221,SSTF,bursty
1598.1865234375,12.903225806451612,0.5161290322580645,2.297247863845016,56.53125,483,290,397,138,SSTF,bursty
1025.5849609375,8.548387096774194,0.4838709677419355,2.749117736625499,11.09375,290,268,346,140,SSTF,bursty
71.4521484375,6.483870967741935,0.4838709677419355,2.781456921853142,37.28125,234,99,65,65,C-SCAN,bursty
441.296875,8.193548387096774,0.5161290322580645,3.032206860394978,23.875,291,228,380,102,SSTF,bursty
4339.8427734375,12.64516129032258,0.41935483870967744,2.7602267764084636,5.03125,412,297,322,257,SSTF,bursty
453.08984375,7.225806451612903,0.5161290322580645,3.019670759992575,46.1875,293,72,383,72,SCAN,bursty
181.8740234375,7.516129032258065,0.45161290322580644,3.1374739554162363,70.46875,325,99,92,92,C-SCAN,bursty
944.2177734375,9.451612903225806,0.4838709677419355,2.3873341852922145,1.96875,344,226,387,114,SSTF,bursty
54.4990234375,7.967741935483871,0.45161290322580644,2.5083895959187807,6.46875,251,207,397,38,SSTF,bursty
106.1162109375,6.451612903225806,0.5161290322580645,2.4335473075223213,22.59375,225,202,397,46,SSTF,bursty
756.96484375,10.258064516129032,0.5483870967741935,3.035836335670895,7.3125,379,229,392,125,SSTF,bursty
1816.5693359375,14.064516129032258,0.5483870967741935,2.5192485053044353,15.15625,439,288,397,166,SSTF,bursty
25.2099609375,5.290322580645161,0.3548387096774194,3.2039505113265156,50.09375,217,99,59,59,C-SCAN,bursty
3785.5927734375,13.67741935483871,0.4838709677419355,2.4469079667236064,28.03125,483,297,395,276,SSTF,bursty
1034.5625,14.258064516129032,0.4838709677419355,2.5753400430088047,0.25,494,245,366,167,SSTF,bursty
80.2958984375,8.193548387096774,0.5161290322580645,2.7178842053555274,24.21875,269,99,40,40,C-SCAN,bursty
442.0615234375,8.32258064516129,0.4838709677419355,2.960243633645812,18.53125,265,218,396,87,SSTF,bursty
2132.1630859375,18.967741935483872,0.4838709677419355,2.4603445101248207,36.65625,676,217,394,134,SSTF,bursty
1979.2958984375,11.258064516129032,0.45161290322580644,2.7856070176647014,44.78125,448,206,396,131,SSTF,bursty
703.3349609375,11.387096774193548,0.45161290322580644,3.0651359980439827,27.09375,400,255,364,89,SSTF,bursty
1449.6630859375,8.193548387096774,0.5483870967741935,2.71715007248552,17.34375,340,284,388,132,SSTF,bursty
378.3583984375,8.67741935483871,0.45161290322580644,2.5886750542387,65.21875,338,92,376,92,SCAN,bursty
910.9833984375,11.709677419354838,0.5483870967741935,3.8828574917244922,39.21875,389,99,91,91,C-SCAN,bursty
490.90234375,9.419354838709678,0.4838709677419355,2.8310176975281465,21.3125,292,214,397,101,SSTF,bursty
26.4833984375,6.806451612903226,0.45161290322580644,2.9220571555932464,50.78125,261,99,60,60,C-SCAN,bursty
322.27734375,8.774193548387096,0.5161290322580645,2.9417378667680594,59.8125,315,88,361,88,SCAN,bursty
37.5693359375,7.387096774193548,0.41935483870967744,2.915838155872557,6.84375,234,217,396,45,SSTF,bursty
2975.0625,13.129032258064516,0.3548387096774194,3.2578615669142574,45.25,494,231,385,165,SSTF,bursty
46.2958984375,7.967741935483871,0.45161290322580644,2.4299909772343415,64.78125,315,99,84,84,C-SCAN,bursty
6115.1240234375,17.806451612903224,0.41935483870967744,2.9042688825590193,6.46875,630,286,346,272,SSTF,bursty
333.6240234375,7.032258064516129,0.45161290322580644,3.396191449023569,21.46875,221,203,395,75,SSTF,bursty
39.6396484375,7.290322580645161,0.45161290322580644,2.567670542871787,58.71875,279,76,353,76,SCAN,bursty
4478.4052734375,17.29032258064516,0.5806451612903226,3.249593911653141,42.96875,614,292,326,280,SSTF,bursty
1160.1552734375,8.870967741935484,0.6451612903225806,2.372028878231119,34.96875,333,272,352,118,SSTF,bursty
758.24609375,9.483870967741936,0.41935483870967744,2.6595940963932714,59.0625,321,94,377,94,SCAN,bursty
2518.4052734375,14.64516129032258,0.45161290322580644,2.9252191705424715,35.03125,520,283,334,169,SSTF,bursty
423.02734375,8.870967741935484,0.45161290322580644,2.643239069134418,31.6875,334,67,390,67,SCAN,bursty
3011.4287109375,14.67741935483871,0.5483870967741935,2.6585452852163587,56.40625,536,293,323,195,SSTF,bursty
6421.3427734375,21.096774193548388,0.4838709677419355,3.3974659913076946,6.96875,727,279,336,261,SSTF,bursty
2537.9833984375,17.06451612903226,0.5161290322580645,4.596183712666275,16.21875,581,250,363,172,SSTF,bursty
3539.90234375,17.774193548387096,0.45161290322580644,3.15483052948082,12.6875,565,292,394,274,SSTF,bursty
2411.18359375,19.225806451612904,0.41935483870967744,2.6474794076960646,9.0625,604,296,397,214,SSTF,bursty
198.55859375,7.709677419354839,0.45161290322580644,2.2430939836894592,23.5625,265,249,347,119,SSTF,bursty
109.0224609375,7.096774193548387,0.5161290322580645,2.6048748474380563,42.90625,286,99,66,66,C-SCAN,bursty
729.1318359375,12.258064516129032,0.5161290322580645,2.707398169025544,60.15625,448,211,396,116,SSTF,bursty
444.7490234375,9.483870967741936,0.4838709677419355,2.6157988595506936,44.46875,357,70,392,70,SCAN,bursty
731.7568359375,8.741935483870968,0.5483870967741935,2.8612940869626975,55.84375,299,99,96,96,C-SCAN,bursty
141.24609375,7.548387096774194,0.4838709677419355,2.510704142421646,31.9375,275,51,388,51,SCAN,bursty
599.4130859375,10.96774193548387,0.2903225806451613,3.17072456626928,20.34375,341,267,397,125,SSTF,bursty
853.4052734375,12.64516129032258,0.5161290322580645,2.737306292722154,29.03125,403,270,397,108,SSTF,bursty
3214.1875,20.451612903225808,0.4838709677419355,2.6970880973855933,22.0,670,236,382,175,SSTF,bursty
1876.2958984375,9.806451612903226,0.5806451612903226,2.612506953954006,33.78125,380,277,339,153,SSTF,bursty
1874.859375,12.548387096774194,0.45161290322580644,3.463469592867065,24.375,438,283,361,165,SSTF,bursty
1356.7958984375,10.516129032258064,0.4838709677419355,2.8645559689837565,7.78125,374,246,372,144,SSTF,bursty
463.90234375,9.064516129032258,0.5806451612903226,3.153445527977471,70.3125,376,95,362,95,SCAN,bursty
374.5927734375,9.03225806451613,0.4838709677419355,2.9288741435591916,64.96875,360,99,90,90,C-SCAN,bursty
37.08984375,6.580645161290323,0.5161290322580645,2.9873750247836797,30.3125,236,99,42,42,C-SCAN,bursty
5313.8037109375,19.258064516129032,0.5161290322580645,3.0282655506355667,2.40625,676,287,336,265,SSTF,bursty
3975.0302734375,15.96774193548387,0.45161290322580644,3.052295026754292,41.96875,580,292,347,267,SSTF,bursty
4840.2021484375,16.387096774193548,0.5483870967741935,2.8832007104768347,24.71875,572,279,339,257,SSTF,bursty
701.62109375,7.935483870967742,0.4838709677419355,1.9081287017994164,12.9375,260,250,365,102,SSTF,bursty
754.5302734375,11.741935483870968,0.4838709677419355,1.9290236678002826,17.96875,407,251,367,93,SSTF,bursty
3806.421875,13.03225806451613,0.4838709677419355,3.98377107122978,11.125,475,282,331,194,SSTF,bursty
1124.30859375,11.67741935483871,0.45161290322580644,3.2090073108451795,46.5625,450,99,93,93,C-SCAN,bursty
45.21484375,7.548387096774194,0.5161290322580645,2.851235053647197,27.6875,262,43,385,43,SCAN,bursty
513.6875,11.96774193548387,0.4838709677419355,3.007720637200654,37.25,399,73,393,73,SCAN,bursty
698.125,10.774193548387096,0.41935483870967744,2.460557339427144,28.5,388,270,394,108,SSTF,bursty
3255.87109375,12.387096774193548,0.3870967741935484,2.3814320875310324,61.4375,467,296,331,292,SSTF,bursty
64.5302734375,6.225806451612903,0.4838709677419355,2.3757355093053216,5.96875,209,205,397,35,SSTF,bursty
411.2646484375,13.483870967741936,0.5161290322580645,3.2732700107169816,38.71875,475,213,395,98,SSTF,bursty
1411.2958984375,12.419354838709678,0.41935483870967744,3.3258870373213094,31.78125,455,223,394,121,SSTF,bursty
4208.0068359375,23.870967741935484,0.45161290322580644,2.905121869559385,12.84375,794,273,349,240,SSTF,bursty
5937.65234375,19.548387096774192,0.4838709677419355,2.9682985348951223,42.6875,691,297,322,295,SSTF,bursty
748.375,13.129032258064516,0.45161290322580644,2.50869476204265,6.25,443,251,367,107,SSTF,bursty
92.5,5.903225806451613,0.45161290322580644,2.635925674992769,21.75,193,99,41,41,C-SCAN,bursty
2394.1708984375,10.709677419354838,0.45161290322580644,3.0723292156485797,60.21875,424,298,319,156,SSTF,bursty
896.9990234375,7.741935483870968,0.5161290322580645,4.133024942204428,59.53125,326,99,87,87,C-SCAN,bursty
2845.4052734375,10.193548387096774,0.41935483870967744,3.600789041890327,19.96875,387,263,359,203,SSTF,bursty
995.83984375,7.225806451612903,0.4838709677419355,3.836237163958192,50.6875,298,99,92,92,C-SCAN,bursty
78.1865234375,5.870967741935484,0.5161290322580645,2.4309374722323143,7.46875,198,222,397,53,SSTF,bursty
105.8818359375,8.0,0.41935483870967744,2.4964784385432686,83.15625,312,97,335,97,SCAN,bursty
37.52734375,6.193548387096774,0.45161290322580644,2.576139741161699,44.6875,239,99,56,56,C-SCAN,bursty
404.2333984375,10.064516129032258,0.3548387096774194,3.1375921240579023,23.21875,350,200,396,120,SSTF,bursty
1741.7177734375,13.64516129032258,0.5806451612903226,3.7928890934981374,15.96875,440,280,348,130,SSTF,bursty
221.9912109375,9.064516129032258,0.45161290322580644,2.2138874764352807,2.59375,295,259,396,139,SSTF,bursty
1686.18359375,13.935483870967742,0.41935483870967744,2.9586988833943417,36.5625,484,263,350,201,SSTF,bursty
3110.6708984375,16.806451612903224,0.4838709677419355,2.7041499511566154,34.21875,555,234,381,166,SSTF,bursty
1487.359375,13.709677419354838,0.45161290322580644,4.4021999444750035,27.375,491,280,397,126,SSTF,bursty
660.9755859375,11.419354838709678,0.45161290322580644,2.5159501565106646,3.65625,404,248,397,146,SSTF,bursty
346.9912109375,8.161290322580646,0.5483870967741935,1.9886152454425012,4.40625,272,230,392,91,SSTF,bursty
2198.3193359375,8.774193548387096,0.45161290322580644,3.276051577836987,5.15625,351,291,319,153,SSTF,bursty
167.0625,8.774193548387096,0.4838709677419355,2.651898276738725,36.5,326,59,387,59,SCAN,bursty
57.5771484375,8.32258064516129,0.4838709677419355,2.7413110620185144,58.71875,312,99,70,70,C-SCAN,bursty
775.1318359375,8.774193548387096,0.5483870967741935,2.3785374563249184,16.15625,300,237,388,171,SSTF,bursty
1159.7177734375,13.96774193548387,0.41935483870967744,2.3791888012016957,18.96875,490,267,353,109,SSTF,bursty
2624.75,15.612903225806452,0.45161290322580644,2.599288779063091,43.25,556,251,361,203,SSTF,bursty
1139.1630859375,8.935483870967742,0.4838709677419355,3.5009132398329585,27.65625,371,201,397,100,SSTF,bursty
3251.55859375,22.64516129032258,0.45161290322580644,2.4115560218674306,17.5625,754,268,357,224,SSTF,bursty
110.375,7.32258064516129,0.5483870967741935,2.636822098104438,31.25,261,99,43,43,C-SCAN,bursty
2943.30859375,16.548387096774192,0.41935483870967744,2.6633823730052706,18.5625,594,290,327,192,SSTF,bursty
1068.8349609375,14.870967741935484,0.5161290322580645,3.265435063293576,57.09375,473,94,392,94,SCAN,bursty
870.9521484375,12.387096774193548,0.45161290322580644,2.49081852868655,45.71875,456,278,396,82,SSTF,bursty
5342.8271484375,16.548387096774192,0.45161290322580644,2.7806307558448546,41.28125,600,296,322,270,SSTF,bursty
2865.3583984375,19.096774193548388,0.3225806451612903,2.785329750784381,32.21875,671,242,371,176,SSTF,bursty
33.52734375,6.225806451612903,0.4838709677419355,2.993341129717836,79.6875,273,92,330,92,SCAN,bursty
275.15234375,9.709677419354838,0.3870967741935484,2.633533439940023,10.8125,305,214,397,73,SSTF,bursty
3053.0068359375,10.193548387096774,0.3870967741935484,2.1889469957230494,29.84375,406,265,350,225,SSTF,bursty
50.3427734375,8.483870967741936,0.4838709677419355,3.0600700411091575,13.03125,279,199,397,33,SSTF,bursty
1284.3896484375,17.387096774193548,0.5161290322580645,3.2450929398466695,35.28125,543,273,393,105,SSTF,bursty
763.3349609375,12.451612903225806,0.6129032258064516,3.0389233715526887,40.90625,448,265,369,113,SSTF,bursty
240.5146484375,9.193548387096774,0.4838709677419355,3.590425408811929,27.28125,293,99,57,57,C-SCAN,bursty
4037.43359375,15.225806451612904,0.5161290322580645,2.853934423695222,29.4375,549,285,343,251,SSTF,bursty
3427.4755859375,18.70967741935484,0.45161290322580644,2.941454585410718,21.34375,645,290,333,224,SSTF,bursty
1265.46484375,9.290322580645162,0.5161290322580645,2.8328019644204683,60.8125,370,293,394,139,SSTF,bursty
3231.7646484375,17.870967741935484,0.4838709677419355,2.7312814172000035,2.28125,632,288,359,208,SSTF,bursty
704.65234375,9.96774193548387,0.5161290322580645,3.2354966799250455,41.8125,374,99,77,77,C-SCAN,bursty
593.7490234375,11.935483870967742,0.4838709677419355,3.714405115927724,23.46875,371,253,397,87,SSTF,bursty
3216.15234375,16.29032258064516,0.5161290322580645,3.0513086022128837,19.1875,570,282,337,204,SSTF,bursty
1317.4990234375,10.709677419354838,0.41935483870967744,3.33204547378242,27.53125,340,228,394,130,SSTF,bursty
382.6083984375,9.129032258064516,0.5161290322580645,2.551422659523558,68.78125,308,90,376,90,SCAN,bursty
1228.125,11.67741935483871,0.41935483870967744,2.862057224283292,3.75,417,238,379,135,SSTF,bursty
76.99609375,8.903225806451612,0.5161290322580645,2.229334686289617,60.0625,334,99,74,74,C-SCAN,bursty
1120.0224609375,10.387096774193548,0.5806451612903226,2.6267858947208333,2.09375,336,240,384,154,SSTF,bursty
948.625,8.161290322580646,0.5161290322580645,2.594700365316691,51.25,273,99,93,93,C-SCAN,bursty
1211.3505859375,8.129032258064516,0.4838709677419355,2.3361233249267523,9.34375,276,250,365,130,SSTF,bursty
1163.71484375,14.612903225806452,0.45161290322580644,2.8230146079375826,21.3125,467,255,359,121,SSTF,bursty
4313.5,22.193548387096776,0.4838709677419355,2.738884383090636,24.0,734,268,367,235,SSTF,bursty
563.8193359375,12.193548387096774,0.3870967741935484,2.5898380863074277,32.84375,391,68,396,68,SCAN,bursty
162.296875,7.548387096774194,0.5161290322580645,2.9216678190481744,24.875,257,245,394,47,SSTF,bursty
100.6865234375,7.67741935483871,0.5161290322580645,3.434652500421498,54.53125,289,99,75,75,C-SCAN,bursty
4066.984375,15.0,0.45161290322580644,3.440557171428472,10.375,539,279,337,225,SSTF,bursty
2096.5693359375,14.03225806451613,0.45161290322580644,3.1822934433400167,21.84375,480,261,363,195,SSTF,bursty
948.65234375,10.580645161290322,0.4838709677419355,2.926935866083944,17.3125,358,239,381,144,SSTF,bursty
2486.296875,21.032258064516128,0.4838709677419355,2.2068530257765455,12.125,666,232,390,159,SSTF,bursty
2205.9365234375,16.70967741935484,0.5161290322580645,3.057435351516484,26.46875,611,292,395,162,SSTF,bursty
29.6865234375,7.193548387096774,0.5483870967741935,2.417796811140502,85.53125,305,99,95,95,C-SCAN,bursty
198.37109375,8.129032258064516,0.5161290322580645,2.3098673049221228,43.0625,292,66,383,66,SCAN,bursty
841.9375,9.129032258064516,0.41935483870967744,2.8048928668890016,8.0,292,221,395,129,SSTF,bursty
1031.83984375,12.258064516129032,0.6129032258064516,4.6546594935546075,34.8125,426,220,394,110,SSTF,bursty
5434.7958984375,16.967741935483872,0.5483870967741935,2.6041873079053435,5.78125,612,297,321,247,SSTF,bursty
622.87109375,8.64516129032258,0.3548387096774194,2.8200006675535385,4.0625,268,240,397,127,SSTF,bursty
336.3896484375,8.774193548387096,0.45161290322580644,3.1936657994689637,51.71875,342,99,72,72,C-SCAN,bursty
964.5625,11.548387096774194,0.5483870967741935,3.3830625232866818,28.5,401,253,366,127,SSTF,bursty
4338.609375,15.32258064516129,0.5483870967741935,3.4172337004394695,31.125,554,283,340,255,SSTF,bursty
135.3505859375,10.129032258064516,0.5806451612903226,3.197555615274043,12.34375,339,205,397,81,SSTF,bursty
1272.0615234375,13.741935483870968,0.3548387096774194,2.614814810466907,45.53125,486,278,339,116,SSTF,bursty
938.5625,8.419354838709678,0.5806451612903226,3.2522020227873947,15.75,293,241,373,133,SSTF,bursty
54.6875,7.612903225806452,0.5161290322580645,3.5769468832656863,38.25,274,50,377,50,SCAN,bursty
885.12109375,8.96774193548387,0.45161290322580644,2.5278058728185684,52.4375,303,93,384,93,SCAN,bursty
190.859375,7.387096774193548,0.41935483870967744,3.3007156973130787,15.625,251,204,397,86,SSTF,bursty
44.0458984375,5.387096774193548,0.4838709677419355,3.025716482284362,26.21875,178,39,387,39,SCAN,bursty
61.5068359375,6.645161290322581,0.45161290322580644,2.357378889424044,51.15625,253,99,68,68,C-SCAN,bursty
1125.52734375,8.419354838709678,0.4838709677419355,2.7843196191873427,32.1875,319,210,397,99,SSTF,bursty
612.7568359375,7.774193548387097,0.3870967741935484,2.6475928011046266,71.15625,326,99,378,99,SCAN,bursty
537.4443359375,10.806451612903226,0.5483870967741935,2.3585902526984284,52.84375,419,84,374,84,SCAN,bursty
1379.109375,11.64516129032258,0.3870967741935484,2.9850036575851813,2.375,369,277,329,137,SSTF,bursty
249.0224609375,9.387096774193548,0.3870967741935484,3.2529659774787056,54.09375,327,84,367,84,SCAN,bursty
1947.1552734375,10.483870967741936,0.5483870967741935,3.657861171608757,17.96875,369,280,329,184,SSTF,bursty
1973.77734375,9.96774193548387,0.4838709677419355,2.8875260532809155,60.3125,383,290,324,152,SSTF,bursty
1987.3427734375,16.870967741935484,0.45161290322580644,2.3785979273764783,30.96875,600,294,390,138,SSTF,bursty
376.046875,9.258064516129032,0.6129032258064516,3.230916904858442,70.875,373,95,379,95,SCAN,bursty
2345.125,14.741935483870968,0.5161290322580645,2.872409932651633,54.25,542,296,328,170,SSTF,bursty
4114.25,13.516129032258064,0.5483870967741935,2.629696395240646,44.75,499,279,330,279,SCAN,bursty
966.234375,10.838709677419354,0.5161290322580645,2.887366080363371,29.875,346,203,397,100,SSTF,bursty
758.74609375,12.870967741935484,0.4838709677419355,2.6060943989397667,39.4375,438,272,367,120,SSTF,bursty
34.3818359375,5.935483870967742,0.3870967741935484,2.498953300922893,49.84375,222,99,61,61,C-SCAN,bursty
2239.1318359375,10.741935483870968,0.41935483870967744,1.6149007458570535,27.84375,408,232,383,147,SSTF,bursty
209.1318359375,7.838709677419355,0.45161290322580644,2.8533030849757766,41.15625,274,99,64,64,C-SCAN,bursty
126.2802734375,9.32258064516129,0.4838709677419355,3.2201917497194867,78.96875,374,100,345,100,SCAN,bursty
1213.0537109375,12.258064516129032,0.3870967741935484,2.6710023612094242,39.59375,390,100,391,100,SCAN,bursty
284.4521484375,9.258064516129032,0.5483870967741935,3.0738552651496733,59.71875,351,87,367,87,SCAN,bursty
974.0224609375,10.290322580645162,0.6451612903225806,2.8395401827891935,20.90625,332,211,396,151,SSTF,bursty
788.9990234375,10.387096774193548,0.45161290322580644,2.6293668807261916,77.53125,409,99,99,99,SCAN,bursty
95.5302734375,7.903225806451613,0.3870967741935484,2.618380910830777,16.03125,247,205,396,49,SSTF,bursty
169.5,8.225806451612904,0.4838709677419355,2.150673842459003,23.0,269,99,49,49,C-SCAN,bursty
339.49609375,6.129032258064516,0.4838709677419355,3.170343063260365,44.0625,250,99,69,69,C-SCAN,bursty
36.6865234375,7.354838709677419,0.4838709677419355,3.023463551399904,58.46875,288,99,68,68,C-SCAN,bursty
174.37109375,8.0,0.3870967741935484,2.6092728927261946,15.9375,286,203,397,49,SSTF,bursty
83.2255859375,6.903225806451613,0.4838709677419355,2.1961504277538673,27.65625,250,46,388,46,SCAN,bursty
524.49609375,9.806451612903226,0.41935483870967744,2.732373267999625,26.9375,336,258,346,152,SSTF,bursty
1395.6005859375,14.0,0.5483870967741935,2.8162338741049666,48.65625,481,220,396,140,SSTF,bursty
238.734375,7.967741935483871,0.41935483870967744,2.7710528832498498,38.375,303,59,389,59,SCAN,bursty
2776.2255859375,10.741935483870968,0.5161290322580645,2.626841977282317,9.65625,420,251,375,196,SSTF,bursty
933.8037109375,10.193548387096774,0.45161290322580644,2.7111252895607802,6.40625,324,245,365,173,SSTF,bursty
2954.4365234375,17.93548387096774,0.3870967741935484,2.568963599635578,26.46875,631,247,360,191,SSTF,bursty
168.359375,9.516129032258064,0.5161290322580645,2.9765197026493664,21.125,311,200,396,52,SSTF,bursty
213.21484375,7.67741935483871,0.45161290322580644,2.5921863142253634,11.8125,270,210,397,59,SSTF,bursty
820.8740234375,10.258064516129032,0.45161290322580644,2.5155881493264123,21.53125,345,218,397,115,SSTF,bursty
203.37109375,7.967741935483871,0.5161290322580645,2.7866336675472687,32.5625,310,68,382,68,SCAN,bursty
2446.1875,14.32258064516129,0.4838709677419355,2.4686602064638303,40.5,525,264,342,228,SSTF,bursty
1635.33984375,11.451612903225806,0.41935483870967744,3.4959541909583565,1.3125,374,237,385,154,SSTF,bursty
24.6630859375,5.225806451612903,0.5161290322580645,2.92177056374945,78.34375,243,99,87,87,C-SCAN,bursty
344.87109375,8.67741935483871,0.5161290322580645,4.110369340510089,56.9375,327,99,77,77,C-SCAN,bursty
35.74609375,7.483870967741935,0.4838709677419355,3.0133418401902485,25.4375,260,35,391,35,SCAN,bursty
1960.74609375,14.64516129032258,0.45161290322580644,2.63616681307037,7.9375,482,259,354,209,SSTF,bursty
125.27734375,6.548387096774194,0.41935483870967744,3.0389501404131423,34.1875,218,48,393,48,SCAN,bursty
1439.96484375,14.935483870967742,0.5806451612903226,2.5313810900253153,55.8125,542,224,391,139,SSTF,bursty
6813.87109375,21.322580645161292,0.4838709677419355,2.3544952044797727,5.9375,736,281,329,265,SSTF,bursty
3573.1708984375,11.290322580645162,0.3870967741935484,3.418694810357357,23.21875,414,272,335,242,SSTF,bursty
2917.0693359375,15.741935483870968,0.5161290322580645,2.422240616010405,57.84375,566,286,328,266,SSTF,bursty
908.5771484375,12.290322580645162,0.3870967741935484,2.2650789077491784,61.71875,465,216,393,127,SSTF,bursty
3802.7490234375,20.903225806451612,0.45161290322580644,2.432645634368871,13.53125,724,272,391,240,SSTF,bursty
1859.5849609375,14.129032258064516,0.4838709677419355,2.257624520920823,21.09375,468,234,382,144,SSTF,bursty
1256.9287109375,10.451612903225806,0.4838709677419355,3.2708547535582735,57.59375,338,213,395,118,SSTF,bursty
343.1005859375,9.483870967741936,0.3870967741935484,2.9158839309999807,28.34375,329,256,395,119,SSTF,bursty
330.359375,11.612903225806452,0.5161290322580645,3.0157461447017777,30.375,382,99,58,58,C-SCAN,bursty
953.96484375,12.935483870967742,0.5161290322580645,3.018251424379115,46.8125,428,94,384,94,SCAN,bursty
447.2177734375,9.870967741935484,0.41935483870967744,2.7619620938372296,9.03125,307,243,392,81,SSTF,bursty
1337.74609375,12.387096774193548,0.4838709677419355,2.844269540596991,7.0625,390,276,397,222,SSTF,bursty
258.12109375,10.870967741935484,0.5161290322580645,2.5442039973305697,65.9375,387,91,357,91,SCAN,bursty
517.5068359375,8.580645161290322,0.5161290322580645,2.6606114704314696,59.84375,291,86,376,86,SCAN,bursty
332.0068359375,9.193548387096774,0.41935483870967744,3.5994981454898034,13.84375,328,242,397,86,SSTF,bursty
1922.125,12.774193548387096,0.45161290322580644,2.639944799828264,21.5,444,259,359,175,SSTF,bursty
1763.49609375,8.096774193548388,0.4838709677419355,2.7911451533997926,7.0625,338,285,329,153,SSTF,bursty
97.5625,6.354838709677419,0.5161290322580645,3.1136145569278746,24.0,211,99,41,41,C-SCAN,bursty
1268.6787109375,13.709677419354838,0.45161290322580644,3.6721203976045027,35.40625,501,274,396,114,SSTF,bursty
3450.2646484375,13.870967741935484,0.2903225806451613,2.3082220158083193,16.28125,478,255,356,208,SSTF,bursty
2390.8349609375,15.935483870967742,0.3870967741935484,3.2383242427847825,18.09375,563,233,385,153,SSTF,bursty
25.3125,6.645161290322581,0.5483870967741935,2.9213217754307594,74.5,282,99,84,84,C-SCAN,bursty
1655.87109375,12.193548387096774,0.45161290322580644,2.1808950847226933,4.9375,399,268,351,140,SSTF,bursty
122.546875,6.548387096774194,0.4838709677419355,3.4524859659855864,12.375,212,201,395,79,SSTF,bursty
600.49609375,11.741935483870968,0.41935483870967744,2.327546198661526,3.4375,396,256,395,128,SSTF,bursty
402.234375,7.548387096774194,0.5161290322580645,3.941724836880783,51.375,313,99,90,90,C-SCAN,bursty
51.796875,6.451612903225806,0.45161290322580644,2.5302783119919345,15.125,224,227,397,33,SSTF,bursty
428.1318359375,6.516129032258065,0.3870967741935484,3.2430692892318356,24.84375,234,199,397,60,SSTF,bursty
3647.6630859375,17.419354838709676,0.5161290322580645,2.7348916756996977,59.65625,626,297,334,281,SSTF,bursty
1132.21484375,12.064516129032258,0.4838709677419355,2.762287641431586,65.1875,452,209,397,118,SSTF,bursty
56.9287109375,7.064516129032258,0.41935483870967744,3.200632455166291,81.40625,304,96,333,96,SCAN,bursty
2174.25,14.129032258064516,0.5483870967741935,2.6789870745087665,6.25,460,237,389,164,SSTF,bursty
717.9130859375,10.838709677419354,0.4838709677419355,3.2050901422685127,10.65625,365,234,394,109,SSTF,bursty
1385.2724609375,13.0,0.4838709677419355,3.29532445568603,49.90625,499,203,394,126,SSTF,bursty
207.7177734375,8.35483870967742,0.41935483870967744,3.2263666370684994,52.03125,287,74,370,74,SCAN,bursty
183.421875,10.612903225806452,0.45161290322580644,3.307982581846495,36.125,340,60,387,60,SCAN,bursty
1062.77734375,10.580645161290322,0.41935483870967744,2.9438780050332083,13.8125,336,235,395,196,SSTF,bursty
242.3271484375,9.96774193548387,0.41935483870967744,2.8415127057030127,24.28125,324,99,64,64,C-SCAN,bursty
772.7724609375,13.290322580645162,0.5483870967741935,2.7581553172356097,50.90625,441,100,378,100,SCAN,bursty
2921.77734375,14.225806451612904,0.45161290322580644,4.000884913673159,35.3125,505,278,361,245,SSTF,bursty
297.8115234375,9.451612903225806,0.4838709677419355,2.9907715969876882,30.46875,314,99,66,66,C-SCAN,bursty
30.671875,6.709677419354839,0.5161290322580645,2.348841461536888,47.375,266,58,367,58,SCAN,bursty
2193.12109375,15.483870967741936,0.3870967741935484,2.60482879070507,19.9375,567,236,387,175,SSTF,bursty
2675.375,18.741935483870968,0.45161290322580644,2.1642788065360308,38.25,639,256,355,198,SSTF,bursty
36.8037109375,5.516129032258065,0.41935483870967744,3.5316217452003302,21.40625,193,99,36,36,C-SCAN,bursty
2325.3115234375,12.387096774193548,0.4838709677419355,4.300810504567686,29.53125,437,270,352,178,SSTF,bursty
174.4677734375,8.451612903225806,0.41935483870967744,2.947786322470673,32.03125,268,248,392,50,SSTF,bursty
20.21484375,4.806451612903226,0.41935483870967744,3.1005191668794456,40.1875,189,99,48,48,C-SCAN,bursty
2028.43359375,12.387096774193548,0.5483870967741935,3.43333337202763,32.4375,452,271,383,203,SSTF,bursty
333.234375,9.451612903225806,0.5483870967741935,3.198111282236309,33.875,356,63,391,63,SCAN,bursty
512.6396484375,8.32258064516129,0.5161290322580645,3.0063656266682024,59.28125,293,99,91,91,C-SCAN,bursty
1293.9599609375,14.064516129032258,0.5161290322580645,2.5808694420171108,47.90625,520,230,366,218,SSTF,bursty
3962.87109375,19.35483870967742,0.3870967741935484,2.782403782685516,10.9375,669,282,335,214,SSTF,bursty
95.71484375,8.32258064516129,0.45161290322580644,2.878450824640896,23.8125,281,99,41,41,C-SCAN,bursty
692.5068359375,10.548387096774194,0.41935483870967744,2.4306367315992996,52.84375,404,99,86,86,C-SCAN,bursty
1459.43359375,13.903225806451612,0.4838709677419355,2.5669314612067793,33.9375,509,287,397,129,SSTF,bursty
359.5693359375,6.935483870967742,0.4838709677419355,2.8271475357638827,16.84375,246,232,381,80,SSTF,bursty
2121.375,15.67741935483871,0.45161290322580644,2.7190864958285754,21.25,494,220,396,136,SSTF,bursty
3896.24609375,14.03225806451613,0.45161290322580644,2.8522875465560564,26.0625,524,250,374,203,SSTF,bursty
749.02734375,9.419354838709678,0.5806451612903226,2.6080909599879316,53.8125,316,93,389,93,SCAN,bursty
2754.734375,21.29032258064516,0.5161290322580645,3.413042402651567,27.375,729,283,347,173,SSTF,bursty
4251.109375,19.096774193548388,0.3870967741935484,2.1577695222337456,8.625,662,272,340,238,SSTF,bursty
1315.75,13.32258064516129,0.5806451612903226,2.931274367555499,54.25,423,199,397,93,SSTF,bursty
56.625,6.870967741935484,0.5161290322580645,3.2298808881887804,72.5,289,90,340,90,SCAN,bursty
1078.375,10.290322580645162,0.5161290322580645,3.335123230910958,58.25,410,100,386,100,SCAN,bursty
1339.2958984375,13.516129032258064,0.45161290322580644,2.6176141860116124,44.21875,477,273,346,133,SSTF,bursty
2889.9599609375,16.612903225806452,0.5806451612903226,2.5673198939328405,9.90625,555,287,331,189,SSTF,bursty
114.1083984375,8.193548387096774,0.4838709677419355,2.9356502762396874,82.21875,349,99,96,96,C-SCAN,bursty
28.65234375,6.67741935483871,0.5161290322580645,3.151315130288361,25.1875,231,99,38,38,C-SCAN,bursty
533.74609375,7.580645161290323,0.4838709677419355,3.915426373446057,35.9375,275,207,395,99,SSTF,bursty
1353.2255859375,8.419354838709678,0.41935483870967744,2.899322936979935,26.34375,334,278,395,106,SSTF,bursty
29.2255859375,5.709677419354839,0.4838709677419355,3.084759069895427,10.65625,190,200,397,24,SSTF,bursty
3288.77734375,18.322580645161292,0.4838709677419355,3.3124578298344436,37.8125,594,296,327,176,SSTF,bursty
693.6083984375,11.580645161290322,0.45161290322580644,2.740244948435438,28.21875,369,277,396,119,SSTF,bursty
542.05859375,11.64516129032258,0.45161290322580644,3.1674997645201164,14.0625,364,250,397,94,SSTF,bursty
181.18359375,7.354838709677419,0.3870967741935484,3.1644406280529633,1.5625,232,235,397,85,SSTF,bursty
621.58984375,10.774193548387096,0.45161290322580644,3.0503474350092894,20.6875,380,255,397,93,SSTF,bursty
1320.43359375,11.774193548387096,0.45161290322580644,4.098369701835406,8.4375,383,258,356,142,SSTF,bursty
1499.5771484375,12.870967741935484,0.41935483870967744,2.8623651770648983,52.71875,407,99,99,99,SCAN,bursty
1336.87109375,13.03225806451613,0.5483870967741935,2.851427118902993,61.5625,490,99,99,99,SCAN,bursty
2290.2568359375,17.322580645161292,0.3870967741935484,2.361094717355735,7.15625,567,276,337,172,SSTF,bursty
323.9443359375,7.806451612903226,0.4838709677419355,2.6522473193786915,42.15625,315,99,73,73,C-SCAN,bursty
514.55859375,9.870967741935484,0.45161290322580644,2.7575085826880756,6.9375,314,224,390,90,SSTF,bursty
1624.1474609375,10.612903225806452,0.5161290322580645,2.7948714620621713,31.09375,409,288,397,136,SSTF,bursty
28.4375,6.548387096774194,0.5806451612903226,3.0760671658683068,57.0,261,99,65,65,C-SCAN,bursty
567.859375,8.741935483870968,0.4838709677419355,2.677856159624774,29.875,285,99,69,69,C-SCAN,bursty
927.4599609375,9.67741935483871,0.45161290322580644,3.1706127539447455,11.09375,339,242,395,140,SSTF,bursty
307.9521484375,6.548387096774194,0.45161290322580644,3.4173863204722896,58.28125,280,78,370,78,SCAN,bursty
387.046875,12.35483870967742,0.4838709677419355,2.8071370048732094,19.375,422,217,395,84,SSTF,bursty
1005.62109375,12.870967741935484,0.3870967741935484,2.9543626217603363,26.9375,431,284,397,180,SSTF,bursty
1475.9521484375,12.67741935483871,0.5806451612903226,2.3038228732100925,59.71875,479,288,327,124,SSTF,bursty
3364.546875,20.225806451612904,0.45161290322580644,3.553239422512205,26.875,694,280,347,237,SSTF,bursty
2450.9287109375,14.387096774193548,0.5161290322580645,3.3076115361166796,39.40625,530,295,339,159,SSTF,bursty
1389.2724609375,10.806451612903226,0.6129032258064516,3.326104803468613,50.90625,360,283,357,165,SSTF,bursty
3538.3125,22.258064516129032,0.4838709677419355,2.506100827473398,2.0,733,282,327,198,SSTF,bursty
1241.609375,17.0,0.45161290322580644,2.4737377955645212,38.125,536,291,397,93,SSTF,bursty
150.99609375,10.129032258064516,0.4838709677419355,3.068769590480455,37.0625,332,61,380,61,SCAN,bursty
58.921875,6.064516129032258,0.5483870967741935,2.787485708330968,22.875,219,99,36,36,C-SCAN,bursty
1314.6083984375,11.774193548387096,0.5806451612903226,2.9679961470106058,8.78125,392,282,379,142,SSTF,bursty
3483.9208984375,14.161290322580646,0.4838709677419355,2.620746206143475,14.78125,532,291,341,207,SSTF,bursty
1425.58984375,10.258064516129032,0.4838709677419355,2.6541156342168457,14.6875,366,251,362,147,SSTF,bursty
1284.6083984375,12.32258064516129,0.45161290322580644,2.7547990085760654,56.21875,386,99,92,92,C-SCAN,bursty
2456.4130859375,13.612903225806452,0.5806451612903226,3.328894978953014,22.65625,449,229,384,150,SSTF,bursty
983.15234375,11.580645161290322,0.4838709677419355,2.250410314860337,41.3125,370,204,392,140,SSTF,bursty
600.4375,9.870967741935484,0.45161290322580644,3.071499533910942,47.75,329,99,80,80,C-SCAN,bursty
4587.5380859375,11.64516129032258,0.5483870967741935,2.710735500862404,17.65625,451,297,317,245,SSTF,bursty
1487.8974609375,16.516129032258064,0.41935483870967744,2.413447217215163,47.09375,584,282,393,120,SSTF,bursty
2008.2958984375,8.612903225806452,0.45161290322580644,3.4639105279027578,19.78125,291,242,376,158,SSTF,bursty
49.6396484375,7.516129032258065,0.45161290322580644,2.7947181642880845,13.28125,246,226,396,59,SSTF,bursty
180.7880859375,7.387096774193548,0.41935483870967744,3.552108217055116,24.65625,277,99,61,61,C-SCAN,bursty
2119.75,8.709677419354838,0.45161290322580644,3.262504602467468,47.5,356,296,397,138,SSTF,bursty
372.1708984375,8.32258064516129,0.41935483870967744,3.1243553846307357,6.21875,284,214,395,71,SSTF,bursty
797.8125,10.451612903225806,0.41935483870967744,3.0404739265885476,2.0,343,248,364,104,SSTF,bursty
113.2021484375,8.548387096774194,0.4838709677419355,3.4353221675806274,51.28125,305,73,374,73,SCAN,bursty
64.43359375,7.709677419354839,0.45161290322580644,2.602036188769001,26.0625,268,41,389,41,SCAN,bursty
1549.5068359375,16.161290322580644,0.6129032258064516,2.3406475486530574,22.15625,564,266,378,180,SSTF,bursty
4139.5,17.0,0.5161290322580645,2.6344111461145907,11.75,588,276,340,236,SSTF,bursty
2550.3193359375,13.451612903225806,0.3870967741935484,2.4978877551095424,32.84375,470,275,342,183,SSTF,bursty
27.6240234375,5.387096774193548,0.45161290322580644,2.6884789801627544,19.53125,185,32,388,32,SCAN,bursty
80.125,7.225806451612903,0.5483870967741935,2.8788182254350123,53.25,289,73,360,73,SCAN,bursty
590.5380859375,12.548387096774194,0.5483870967741935,2.8389275509327394,25.34375,393,96,394,96,SCAN,bursty
32.9365234375,6.580645161290323,0.4838709677419355,2.873647651678497,3.53125,205,214,397,38,SSTF,bursty
28.46484375,6.161290322580645,0.4838709677419355,2.434810146169328,73.3125,266,82,335,82,SCAN,bursty
2442.421875,12.161290322580646,0.5806451612903226,3.345707080446236,23.875,438,250,362,172,SSTF,bursty
349.0224609375,8.774193548387096,0.4838709677419355,3.792834307562401,37.09375,321,258,396,80,SSTF,bursty
880.4521484375,9.161290322580646,0.5161290322580645,2.5292262598676913,53.71875,367,91,386,91,SCAN,bursty
379.80859375,11.193548387096774,0.4838709677419355,2.9187759935935103,7.9375,356,231,396,113,SSTF,bursty
3342.5771484375,22.516129032258064,0.45161290322580644,4.218828609394283,5.28125,727,256,369,213,SSTF,bursty
40.99609375,6.967741935483871,0.4838709677419355,2.6170259155165905,83.0625,297,99,93,93,C-SCAN,bursty
2565.4287109375,19.451612903225808,0.5161290322580645,2.189545159547836,30.40625,639,282,375,251,SSTF,bursty
151.2255859375,7.258064516129032,0.45161290322580644,2.611629885222678,32.65625,251,99,58,58,C-SCAN,bursty
898.5771484375,9.387096774193548,0.45161290322580644,3.284432079252238,15.28125,348,271,397,123,SSTF,bursty
448.7333984375,10.516129032258064,0.5483870967741935,3.4352948570652875,20.21875,332,244,373,74,SSTF,bursty
201.5615234375,7.645161290322581,0.3870967741935484,3.491966665009658,63.53125,315,99,92,92,C-SCAN,bursty
1129.3583984375,10.451612903225806,0.41935483870967744,2.5693502613724144,31.21875,332,284,395,164,SSTF,bursty
49.99609375,5.32258064516129,0.5161290322580645,2.431364353018592,63.9375,222,99,82,82,C-SCAN,bursty
111.046875,8.225806451612904,0.6129032258064516,2.603031052031974,10.625,258,230,397,71,SSTF,bursty
49.6240234375,5.451612903225806,0.6129032258064516,2.664825539221439,38.46875,206,99,57,57,C-SCAN,bursty
5502.7177734375,26.838709677419356,0.5483870967741935,2.6668576445700007,25.03125,910,295,331,278,SSTF,bursty
250.99609375,9.225806451612904,0.5161290322580645,3.1994115866177797,52.5625,334,99,89,89,C-SCAN,bursty
1246.5849609375,12.419354838709678,0.4838709677419355,3.174550399434452,56.90625,394,99,93,93,C-SCAN,bursty
1095.546875,9.064516129032258,0.5161290322580645,2.9683936866281595,37.125,283,209,397,96,SSTF,bursty
424.77734375,7.870967741935484,0.41935483870967744,3.4658555664888953,21.8125,279,252,397,116,SSTF,bursty
1119.3662109375,9.35483870967742,0.4838709677419355,2.891420868398977,35.40625,342,258,359,176,SSTF,bursty
51.2880859375,7.451612903225806,0.45161290322580644,3.061575206372309,4.34375,235,206,397,33,SSTF,bursty
1202.7880859375,12.451612903225806,0.4838709677419355,3.2055272604671914,12.34375,414,243,381,159,SSTF,bursty
441.921875,9.580645161290322,0.5161290322580645,2.5054209668503935,13.625,329,240,378,90,SSTF,bursty
778.3818359375,12.548387096774194,0.45161290322580644,2.846396588107575,73.84375,473,100,374,100,SCAN,bursty
1506.7724609375,14.290322580645162,0.5161290322580645,2.949340526316235,17.90625,493,260,359,142,SSTF,bursty
1518.30859375,15.064516129032258,0.6129032258064516,2.2951655799806665,29.9375,477,277,397,117,SSTF,bursty
3003.5693359375,14.870967741935484,0.45161290322580644,3.4076544460185265,12.84375,529,246,372,178,SSTF,bursty
1059.02734375,10.709677419354838,0.4838709677419355,2.9338235801292796,62.6875,351,100,390,100,SCAN,bursty
701.7255859375,8.0,0.41935483870967744,3.2962855327497804,36.65625,255,273,396,77,SSTF,bursty
1408.546875,12.32258064516129,0.41935483870967744,2.7498248255723206,41.375,389,278,393,94,SSTF,bursty
1685.2490234375,17.096774193548388,0.5483870967741935,2.2780950401943163,5.53125,588,244,365,162,SSTF,bursty
460.4208984375,8.67741935483871,0.5806451612903226,2.925761028665679,43.21875,328,73,390,73,SCAN,bursty
1120.5458984375,12.806451612903226,0.45161290322580644,3.47169068412615,5.21875,457,223,390,116,SSTF,bursty
769.625,10.387096774193548,0.5161290322580645,3.335084525669551,48.25,393,208,394,100,SSTF,bursty
1343.15234375,14.741935483870968,0.45161290322580644,2.5732454139119465,11.3125,506,231,384,121,SSTF,bursty
100.1875,6.67741935483871,0.45161290322580644,4.101284889782021,50.75,267,67,374,67,SCAN,bursty
28.6005859375,5.548387096774194,0.45161290322580644,2.6484398909085365,6.34375,177,204,392,44,SSTF,bursty
2308.4052734375,20.580645161290324,0.4838709677419355,2.4013479161295006,13.03125,689,268,394,210,SSTF,bursty
33.109375,6.67741935483871,0.5483870967741935,3.3385056050584714,45.875,248,99,59,59,C-SCAN,bursty
395.875,10.516129032258064,0.5806451612903226,2.5305676910391353,9.0,351,233,397,79,SSTF,bursty
295.93359375,9.483870967741936,0.41935483870967744,2.213004601855665,78.9375,373,100,354,100,SCAN,bursty
500.05859375,9.03225806451613,0.4838709677419355,3.6664647559463193,11.4375,298,251,395,89,SSTF,bursty
